"id","id_mezzi_pubblici","id_luogo_interesse","distanza(minuti)","distanza(km)"
1,1,1,32,6.93
2,2,1,14,4.73
3,3,1,56,12.47
4,4,1,7,0.6
5,5,1,40,18.84
6,6,1,14,4.47
7,7,1,76,35.04
8,8,1,53,34.51
9,9,1,12,3.76
10,10,1,22,4.49
11,11,1,63,33.02
12,12,1,62,29.53
13,13,1,25,13.15
14,14,1,27,5.62
15,15,1,54,29.63
16,16,1,25,7.2
17,17,1,58,32.95
18,18,1,71,30.92
19,19,1,42,9.14
20,20,1,45,10.38
21,21,1,28,8.67
22,22,1,39,7.54
23,23,1,48,11.86
24,24,1,33,13.86
25,25,1,51,24.13
26,26,1,46,16.11
27,27,1,49,32.24
28,28,1,42,29.8
29,29,1,51,21.27
30,30,1,41,7.96
31,31,1,69,47.58
32,32,1,50,23.36
33,33,1,77,52.53
34,34,1,63,37.25
35,35,1,14,4.82
36,36,1,24,4.71
37,37,1,54,22.78
38,38,1,53,21.89
39,39,1,47,17.45
40,40,1,50,18.06
41,41,1,44,9.35
42,42,1,24,3.72
43,43,1,55,18.15
44,44,1,52,16.25
45,45,1,25,7.03
46,46,1,58,26.86
47,47,1,53,31.69
48,48,1,51,14.78
49,49,1,41,7.75
50,50,1,38,5.34
51,51,1,45,4.82
52,52,1,29,5.13
53,53,1,28,6.28
54,54,1,22,4.88
55,55,1,35,6.43
56,56,1,30,6.56
57,57,1,26,9.7
58,58,1,50,19.67
59,59,1,55,25.7
60,60,1,43,14.19
61,61,1,39,11.8
62,62,1,41,10.24
63,63,1,39,9.69
64,64,1,37,8.66
65,65,1,52,21.09
66,66,1,42,8.73
67,67,1,40,7.72
68,68,1,39,13.98
69,69,1,25,4.04
70,70,1,45,13.89
71,71,1,46,14.86
72,72,1,28,5.05
73,73,1,30,5.24
74,74,1,14,4.79
75,75,1,48,17.94
76,76,1,55,23.36
77,77,1,27,4.8
78,78,1,47,16.4
79,79,1,32,6.58
80,80,1,39,6.77
81,81,1,50,13.13
82,82,1,40,10.28
83,83,1,42,10.51
84,84,1,25,9.69
85,85,1,29,5.24
86,86,1,29,5.79
87,87,1,22,4.62
88,88,1,23,3.91
89,89,1,18,3.65
90,90,1,25,3.44
91,91,1,26,3.9
92,92,1,26,4.44
93,93,1,29,5.64
94,94,1,50,9.38
95,95,1,35,6.44
96,96,1,46,6.85
97,97,1,34,10.87
98,98,1,34,9.11
99,99,1,36,8.32
100,100,1,35,8.63
101,101,1,94,7.87
102,102,1,39,7.43
103,103,1,33,7.11
104,104,1,33,6.96
105,105,1,24,4.24
106,106,1,16,4.44
107,107,1,23,4.31
108,108,1,24,3.64
109,109,1,28,3.66
110,110,1,28,4.04
111,111,1,27,3.63
112,112,1,24,3.93
113,113,1,38,9.3
114,114,1,36,7.95
115,115,1,43,12.95
116,116,1,45,14.64
117,117,1,50,18.97
118,118,1,57,24.83
119,119,1,39,9.65
120,120,1,36,8.79
121,121,1,35,8.17
122,122,1,33,7.65
123,123,1,31,6.88
124,124,1,30,6.19
125,125,1,27,5.58
126,126,1,18,2.64
127,127,1,10,1.66
128,128,1,14,1.37
129,129,1,11,1.37
130,130,1,18,1.66
131,131,1,20,2.12
132,132,1,21,2.58
133,133,1,22,3.11
134,134,1,30,5.95
135,135,1,29,5.29
136,136,1,26,4.18
137,137,1,35,6.51
138,138,1,34,6.55
139,139,1,13,3.74
140,140,1,47,14.2
141,141,1,49,12.13
142,142,1,48,11.37
143,143,1,46,10.59
144,144,1,45,9.78
145,145,1,45,13.4
146,146,1,43,12.56
147,147,1,42,11.7
148,148,1,40,10.69
149,149,1,39,10.09
150,150,1,37,9.2
151,151,1,29,8.83
152,152,1,35,8.5
153,153,1,40,8.34
154,154,1,43,9.11
155,155,1,42,8.5
156,156,1,39,8.01
157,157,1,38,7.64
158,158,1,33,11.52
159,159,1,31,10.46
160,160,1,32,9.58
161,161,1,27,8.09
162,162,1,26,7.71
163,163,1,25,7.02
164,164,1,24,6.4
165,165,1,24,5.71
166,166,1,21,5.18
167,167,1,12,0.95
168,168,1,9,0.63
169,169,1,10,1.01
170,170,1,15,1.86
171,171,1,18,2.54
172,172,1,21,3.19
173,173,1,19,4.19
174,174,1,31,5.55
175,175,1,33,5.87
176,176,1,36,5.66
177,177,1,40,5.58
178,1,2,18,5.82
179,2,2,13,4.47
180,3,2,46,11.44
181,4,2,26,4.08
182,5,2,41,20.93
183,6,2,41,1.41
184,7,2,41,35.05
185,8,2,41,37.22
186,9,2,41,7.06
187,10,2,41,3.15
188,11,2,41,31.79
189,12,2,41,28.29
190,13,2,41,11.2
191,14,2,41,1.62
192,15,2,41,31
193,16,2,41,8.86
194,17,2,41,34.19
195,18,2,41,30.84
196,19,2,41,12.09
197,20,2,41,13.53
198,21,2,41,10.54
199,22,2,41,10.09
200,23,2,41,15.14
201,24,2,41,16.06
202,25,2,41,26.13
203,26,2,41,11.58
204,27,2,41,34.72
205,28,2,41,32.11
206,29,2,41,16.81
207,30,2,41,3.83
208,31,2,41,49.83
209,32,2,41,25.07
210,33,2,41,54.29
211,34,2,41,38.34
212,35,2,41,4.54
213,36,2,41,2.06
214,37,2,41,21.38
215,38,2,41,17.8
216,39,2,41,13.04
217,40,2,41,16.47
218,41,2,41,13.74
219,42,2,41,2.68
220,43,2,41,21.68
221,44,2,41,19.74
222,45,2,41,7.2
223,46,2,41,25.57
224,47,2,41,34.85
225,48,2,41,18.21
226,49,2,41,12.01
227,50,2,41,9.46
228,51,2,41,8.54
229,52,2,41,8.14
230,53,2,41,7.96
231,54,2,41,5.8
232,55,2,41,1.84
233,56,2,41,2.09
234,57,2,41,5.06
235,58,2,41,15.45
236,59,2,41,21.42
237,60,2,41,9.61
238,61,2,41,7.16
239,62,2,41,7.89
240,63,2,41,7.61
241,64,2,41,6.94
242,65,2,41,20.53
243,66,2,41,9.38
244,67,2,41,8.21
245,68,2,41,16.13
246,69,2,41,6.07
247,70,2,41,11.4
248,71,2,41,12.33
249,72,2,41,8.08
250,73,2,41,5.17
251,74,2,41,4.41
252,75,2,41,17.24
253,76,2,41,22.83
254,77,2,41,2.38
255,78,2,41,15.66
256,79,2,41,4.55
257,80,2,41,7.01
258,81,2,41,12.89
259,82,2,41,7.96
260,83,2,41,7.65
261,84,2,41,5.05
262,85,2,41,3.62
263,86,2,41,3.91
264,87,2,41,3.24
265,88,2,41,5.14
266,89,2,41,4.12
267,90,2,41,3.19
268,91,2,41,2.75
269,92,2,41,7.06
270,93,2,41,8.92
271,94,2,41,5.89
272,95,2,41,1.83
273,96,2,41,2.3
274,97,2,41,6.28
275,98,2,41,4.52
276,99,2,41,4.01
277,100,2,41,4.18
278,101,2,41,3.9
279,102,2,41,3.96
280,103,2,41,4.25
281,104,2,41,4.64
282,105,2,41,3.66
283,106,2,41,1.15
284,107,2,41,0.37
285,108,2,41,1.49
286,109,2,41,2.12
287,110,2,41,3.71
288,111,2,41,2.78
289,112,2,41,1.79
290,113,2,41,8.92
291,114,2,41,7.67
292,115,2,41,12.39
293,116,2,41,13.94
294,117,2,41,18.29
295,118,2,41,24.31
296,119,2,41,7.6
297,120,2,41,7.02
298,121,2,41,6.71
299,122,2,41,6.22
300,123,2,41,5.72
301,124,2,41,5.02
302,125,2,41,4.74
303,126,2,41,6.19
304,127,2,41,4.98
305,128,2,41,4.32
306,129,2,41,3.73
307,130,2,41,3.11
308,131,2,41,2.54
309,132,2,41,2.09
310,133,2,41,1.68
311,134,2,41,3.52
312,135,2,41,2.87
313,136,2,41,1.82
314,137,2,41,5.12
315,138,2,41,4.74
316,139,2,41,7.08
317,140,2,41,16.01
318,141,2,41,11.83
319,142,2,41,11.03
320,143,2,41,10.2
321,144,2,41,9.43
322,145,2,41,15.11
323,146,2,41,14.13
324,147,2,41,13.12
325,148,2,41,11.96
326,149,2,41,11.13
327,150,2,41,10.01
328,151,2,41,9.23
329,152,2,41,8.45
330,153,2,41,8
331,154,2,41,8.69
332,155,2,41,8.01
333,156,2,41,7.39
334,157,2,41,6.81
335,158,2,41,12.04
336,159,2,41,10.86
337,160,2,41,9.88
338,161,2,41,8.48
339,162,2,41,7.79
340,163,2,41,7.23
341,164,2,41,6.74
342,165,2,41,6.16
343,166,2,41,5.23
344,167,2,41,5.59
345,168,2,41,5.2
346,169,2,41,4.69
347,170,2,41,4.31
348,171,2,41,4.14
349,172,2,41,4.09
350,173,2,41,4.11
351,174,2,41,1.48
352,175,2,41,1.22
353,176,2,41,1.14
354,177,2,41,2.43
355,1,3,9,4.34
356,2,3,12,3.97
357,3,3,46,7.26
358,4,3,26,6.48
359,5,3,18,12.7
360,6,3,17,9.19
361,7,3,66,28.54
362,8,3,35,28.94
363,9,3,31,10.06
364,10,3,15,5.3
365,11,3,54,39.39
366,12,3,54,35.88
367,13,3,37,19.09
368,14,3,20,7.79
369,15,3,28,23.17
370,16,3,7,0.63
371,17,3,32,26.46
372,18,3,56,24.45
373,19,3,10,4.24
374,20,3,13,5.73
375,21,3,8,2.27
376,22,3,7,2.15
377,23,3,16,7.35
378,24,3,14,7.78
379,25,3,23,17.94
380,26,3,44,18.91
381,27,3,31,26.44
382,28,3,31,23.85
383,29,3,31,24.16
384,30,3,31,8.94
385,31,3,31,41.61
386,32,3,31,17.01
387,33,3,31,46.26
388,34,3,31,30.73
389,35,3,31,3.93
390,36,3,31,6.51
391,37,3,31,29.05
392,38,3,31,20.4
393,39,3,31,17.3
394,40,3,31,24.23
395,41,3,31,8.59
396,42,3,31,5.61
397,43,3,31,13.88
398,44,3,31,11.96
399,45,3,31,2.5
400,46,3,31,33.19
401,47,3,31,26.66
402,48,3,31,10.43
403,49,3,31,6.85
404,50,3,31,5.05
405,51,3,31,3.8
406,52,3,31,2.39
407,53,3,31,0.33
408,54,3,31,2.5
409,55,3,31,9.84
410,56,3,31,8.85
411,57,3,31,11.86
412,58,3,31,18.68
413,59,3,31,29.05
414,60,3,31,16.83
415,61,3,31,14.16
416,62,3,31,15.91
417,63,3,31,6.67
418,64,3,31,5.64
419,65,3,31,27.59
420,66,3,31,15.29
421,67,3,31,14.26
422,68,3,31,7.86
423,69,3,31,2.58
424,70,3,31,10.29
425,71,3,31,11.17
426,72,3,31,2.44
427,73,3,31,11.56
428,74,3,31,4.06
429,75,3,31,24.4
430,76,3,31,29.87
431,77,3,31,6.25
432,78,3,31,22.84
433,79,3,31,5.55
434,80,3,31,13.24
435,81,3,31,7.1
436,82,3,31,7.37
437,83,3,31,8.33
438,84,3,31,11.81
439,85,3,31,5.25
440,86,3,31,5.4
441,87,3,31,5.27
442,88,3,31,3.21
443,89,3,31,4.19
444,90,3,31,5.12
445,91,3,31,5.55
446,92,3,31,2.27
447,93,3,31,2.89
448,94,3,31,14.17
449,95,3,31,9.8
450,96,3,31,10.32
451,97,3,31,13.7
452,98,3,31,10.91
453,99,3,31,9.53
454,100,3,31,10.11
455,101,3,31,8.61
456,102,3,31,7.66
457,103,3,31,6.71
458,104,3,31,5.96
459,105,3,31,4.68
460,106,3,31,8.99
461,107,3,31,7.99
462,108,3,31,6.84
463,109,3,31,6.17
464,110,3,31,10.11
465,111,3,31,9.34
466,112,3,31,9.01
467,113,3,31,15.73
468,114,3,31,14.36
469,115,3,31,19.39
470,116,3,31,21.07
471,117,3,31,25.43
472,118,3,31,31.34
473,119,3,31,6.62
474,120,3,31,5.77
475,121,3,31,5.09
476,122,3,31,4.89
477,123,3,31,4.41
478,124,3,31,4.46
479,125,3,31,4.19
480,126,3,31,9
481,127,3,31,8.23
482,128,3,31,7.87
483,129,3,31,7.59
484,130,3,31,7.34
485,131,3,31,7.15
486,132,3,31,7.02
487,133,3,31,6.94
488,134,3,31,6.05
489,135,3,31,6.11
490,136,3,31,6.52
491,137,3,31,4.72
492,138,3,31,5.26
493,139,3,31,10.01
494,140,3,31,7.85
495,141,3,31,6.25
496,142,3,31,5.64
497,143,3,31,5.05
498,144,3,31,4.43
499,145,3,31,6.98
500,146,3,31,6.07
501,147,3,31,5.16
502,148,3,31,4.12
503,149,3,31,3.55
504,150,3,31,2.83
505,151,3,31,2.91
506,152,3,31,3.26
507,153,3,31,3.57
508,154,3,31,4.07
509,155,3,31,3.85
510,156,3,31,3.83
511,157,3,31,4.05
512,158,3,31,5.13
513,159,3,31,4.23
514,160,3,31,3.57
515,161,3,31,2.46
516,162,3,31,2.73
517,163,3,31,2.44
518,164,3,31,2.32
519,165,3,31,2.44
520,166,3,31,3.3
521,167,3,31,6.7
522,168,3,31,6.23
523,169,3,31,5.57
524,170,3,31,4.97
525,171,3,31,4.6
526,172,3,31,4.32
527,173,3,31,4.21
528,174,3,31,7.86
529,175,3,31,9.18
530,176,3,31,8.48
531,177,3,31,6.86
532,1,4,12,2.24
533,2,4,22,2.76
534,3,4,42,7.36
535,4,4,36,6.18
536,5,4,40,18.07
537,6,4,26,5.55
538,7,4,57,31.03
539,8,4,59,34.59
540,9,4,30,10.18
541,10,4,13,2.26
542,11,4,53,35.69
543,12,4,49,32.21
544,13,4,32,15.09
545,14,4,20,2.68
546,15,4,50,27.51
547,16,4,27,6.64
548,17,4,54,30.61
549,18,4,52,26.81
550,19,4,34,10.5
551,20,4,46,11.99
552,21,4,30,8.19
553,22,4,40,8.4
554,23,4,49,13.61
555,24,4,38,13.46
556,25,4,45,23.08
557,26,4,32,12.73
558,27,4,55,31.91
559,28,4,48,29.21
560,29,4,37,17.95
561,30,4,10,2.72
562,31,4,77,46.77
563,32,4,62,21.86
564,33,4,85,50.9
565,34,4,49,34.68
566,35,4,22,2.73
567,36,4,15,2.34
568,37,4,41,25.3
569,38,4,33,15.38
570,39,4,27,11.47
571,40,4,37,20.38
572,41,4,40,13.89
573,42,4,16,3.02
574,43,4,47,20.13
575,44,4,44,18.22
576,45,4,28,4.19
577,46,4,45,29.49
578,47,4,58,32.66
579,48,4,43,16.69
580,49,4,37,12.05
581,50,4,34,9.61
582,51,4,32,8.35
583,52,4,25,7.34
584,53,4,26,6
585,54,4,23,4.11
586,55,4,20,4.75
587,56,4,22,3.29
588,57,4,16,5.73
589,58,4,30,13.31
590,59,4,41,22.9
591,60,4,29,10.65
592,61,4,25,7.99
593,62,4,28,11.76
594,63,4,23,3.46
595,64,4,23,2.83
596,65,4,55,24.63
597,66,4,42,13.45
598,67,4,40,12.28
599,68,4,32,13.49
600,69,4,21,5.22
601,70,4,30,7.43
602,71,4,31,8.39
603,72,4,24,7.31
604,73,4,33,9.23
605,74,4,22,2.64
606,75,4,51,21.33
607,76,4,58,26.92
608,77,4,13,2.09
609,78,4,50,19.75
610,79,4,7,0.74
611,80,4,39,11.09
612,81,4,25,9
613,82,4,24,3.87
614,83,4,29,3.82
615,84,4,16,5.68
616,85,4,14,1.56
617,86,4,11,1.08
618,87,4,13,2.13
619,88,4,19,4.22
620,89,4,18,3.55
621,90,4,16,3.32
622,91,4,14,2.83
623,92,4,22,6.25
624,93,4,25,8.17
625,94,4,28,9.3
626,95,4,20,4.69
627,96,4,19,5.12
628,97,4,19,7.69
629,98,4,15,4.75
630,99,4,12,3.32
631,100,4,13,3.92
632,101,4,10,2.37
633,102,4,6,1.4
634,103,4,3,0.48
635,104,4,6,0.53
636,105,4,18,2.69
637,106,4,25,5.29
638,107,4,22,4.11
639,108,4,16,3.63
640,109,4,22,3.22
641,110,4,31,7.68
642,111,4,30,6.72
643,112,4,27,5.83
644,113,4,41,13.07
645,114,4,39,11.81
646,115,4,46,16.52
647,116,4,48,18.06
648,117,4,53,22.37
649,118,4,1,28.4
650,119,4,23,3.45
651,120,4,20,2.89
652,121,4,23,2.7
653,122,4,17,2.3
654,123,4,12,2.14
655,124,4,16,1.81
656,125,4,16,2.13
657,126,4,28,9.12
658,127,4,26,7.88
659,128,4,25,7.2
660,129,4,23,6.59
661,130,4,22,5.94
662,131,4,20,5.31
663,132,4,19,4.77
664,133,4,17,4.21
665,134,4,8,0.78
666,135,4,11,1.52
667,136,4,14,2.88
668,137,4,11,1.61
669,138,4,10,1.04
670,139,4,30,10.18
671,140,4,31,13.12
672,141,4,24,7.96
673,142,4,23,7.18
674,143,4,21,6.38
675,144,4,20,5.68
676,145,4,29,12.19
677,146,4,27,11.18
678,147,4,26,10.13
679,148,4,24,8.96
680,149,4,23,8.07
681,150,4,21,6.92
682,151,4,19,5.96
683,152,4,18,4.99
684,153,4,16,4.43
685,154,4,18,4.98
686,155,4,17,4.35
687,156,4,15,3.76
688,157,4,14,3.15
689,158,4,29,8.56
690,159,4,27,7.41
691,160,4,36,6.46
692,161,4,36,5.34
693,162,4,36,4.57
694,163,4,36,4.25
695,164,4,36,4.03
696,165,4,36,3.83
697,166,4,36,3.11
698,167,4,36,7.56
699,168,4,36,6.98
700,169,4,36,6.1
701,170,4,36,5.21
702,171,4,36,4.55
703,172,4,36,3.95
704,173,4,36,3.01
705,174,4,36,2.81
706,175,4,36,4.26
707,176,4,36,3.5
708,177,4,36,1.72
709,1,5,14,0.87
710,2,5,22,1.91
711,3,5,40,5.95
712,4,5,36,6.16
713,5,5,51,15.22
714,6,5,27,7.29
715,7,5,56,29.15
716,8,5,55,31.71
717,9,5,38,10.3
718,10,5,17,2.96
719,11,5,69,37.83
720,12,5,65,34.34
721,13,5,39,17.26
722,14,5,30,5.05
723,15,5,59,24.96
724,16,5,33,3.77
725,17,5,63,28.14
726,18,5,54,24.96
727,19,5,31,7.69
728,20,5,34,9.17
729,21,5,30,5.26
730,22,5,38,5.62
731,23,5,37,10.77
732,24,5,38,10.55
733,25,5,56,20.29
734,26,5,58,15.66
735,27,5,64,29.06
736,28,5,61,26.38
737,29,5,63,20.87
738,30,5,30,5.65
739,31,5,53,44.01
740,32,5,55,19.14
741,33,5,61,48.29
742,34,5,67,32.28
743,35,5,22,1.82
744,36,5,23,4.01
745,37,5,57,27.43
746,38,5,65,17.18
747,39,5,59,13.86
748,40,5,53,22.53
749,41,5,35,11.71
750,42,5,19,3.69
751,43,5,44,17.26
752,44,5,41,15.35
753,45,5,11,1.27
754,46,5,61,31.62
755,47,5,58,29.73
756,48,5,40,13.83
757,49,5,32,9.89
758,50,5,29,7.66
759,51,5,27,6.32
760,52,5,24,5.06
761,53,5,19,3.26
762,54,5,23,2.03
763,55,5,33,7.23
764,56,5,33,5.96
765,57,5,32,8.66
766,58,5,62,15.34
767,59,5,67,25.84
768,60,5,55,13.58
769,61,5,51,10.92
770,62,5,44,13.96
771,63,5,21,3.6
772,64,5,21,2.49
773,65,5,56,26.43
774,66,5,43,14.62
775,67,5,41,13.48
776,68,5,32,10.58
777,69,5,28,3.37
778,70,5,27,7.69
779,71,5,29,8.65
780,72,5,26,5.07
781,73,5,34,10.5
782,74,5,20,1.89
783,75,5,52,23.15
784,76,5,59,28.73
785,77,5,21,3.7
786,78,5,51,21.57
787,79,5,17,2.19
788,80,5,17,12.34
789,81,5,17,6.95
790,82,5,17,4.29
791,83,5,17,5.05
792,84,5,17,8.61
793,85,5,17,2.47
794,86,5,17,2.33
795,87,5,17,2.85
796,88,5,17,2.79
797,89,5,17,2.93
798,90,5,17,3.5
799,91,5,17,3.54
800,92,5,17,4.16
801,93,5,17,5.84
802,94,5,17,11.78
803,95,5,17,7.18
804,96,5,17,7.66
805,97,5,17,10.6
806,98,5,17,7.68
807,99,5,17,6.25
808,100,5,17,6.85
809,101,5,17,5.29
810,102,5,17,4.32
811,103,5,17,3.33
812,104,5,17,2.55
813,105,5,17,2.67
814,106,5,17,7.05
815,107,5,17,5.87
816,108,5,17,4.9
817,109,5,17,4.22
818,110,5,17,8.92
819,111,5,17,8
820,112,5,17,7.34
821,113,5,17,14.61
822,114,5,17,13.27
823,115,5,17,18.21
824,116,5,17,19.83
825,117,5,17,24.2
826,118,5,17,30.2
827,119,5,17,3.55
828,120,5,17,2.63
829,121,5,17,1.9
830,122,5,17,1.54
831,123,5,17,0.93
832,124,5,17,1.17
833,125,5,17,1.33
834,126,5,17,9.18
835,127,5,17,8.07
836,128,5,17,7.5
837,129,5,17,7
838,130,5,17,6.48
839,131,5,17,6.02
840,132,5,17,5.64
841,133,5,17,5.28
842,134,5,17,2.95
843,135,5,17,3.31
844,136,5,17,4.29
845,137,5,17,1.32
846,138,5,17,1.89
847,139,5,17,10.28
848,140,5,17,10.26
849,141,5,17,5.9
850,142,5,17,5.1
851,143,5,17,4.27
852,144,5,17,3.47
853,145,5,17,9.33
854,146,5,17,8.33
855,147,5,17,7.28
856,148,5,17,6.11
857,149,5,17,5.23
858,150,5,17,4.08
859,151,5,17,3.2
860,152,5,17,2.38
861,153,5,17,1.98
862,154,5,17,2.73
863,155,5,17,2.06
864,156,5,17,1.5
865,157,5,17,1.11
866,158,5,17,5.98
867,159,5,17,4.8
868,160,5,17,3.82
869,161,5,17,2.49
870,162,5,17,1.75
871,163,5,17,1.32
872,164,5,17,1.16
873,165,5,17,1.29
874,166,5,17,1.36
875,167,5,17,7.13
876,168,5,17,6.53
877,169,5,17,5.62
878,170,5,17,4.7
879,171,5,17,4.01
880,172,5,17,3.37
881,173,5,17,2.46
882,174,5,17,5.16
883,175,5,17,6.63
884,176,5,17,5.86
885,177,5,17,4
886,1,6,5,1.63
887,2,6,10,2.25
888,3,6,31,7.01
889,4,6,23,6
890,5,6,31,17.44
891,6,6,17,5.81
892,7,6,50,30.64
893,8,6,50,33.96
894,9,6,22,10.08
895,10,6,4,2.05
896,11,6,50,36.12
897,12,6,46,32.63
898,13,6,30,15.51
899,14,6,12,3.09
900,15,6,41,26.97
901,16,6,18,5.99
902,17,6,45,30.09
903,18,6,45,26.43
904,19,6,26,9.85
905,20,6,29,11.34
906,21,6,21,7.53
907,22,6,23,7.76
908,23,6,32,12.96
909,24,6,26,12.82
910,25,6,37,22.48
911,26,6,29,13.38
912,27,6,45,31.29
913,28,6,42,28.59
914,29,6,34,18.6
915,30,6,9,3.37
916,31,6,52,46.17
917,32,6,37,21.27
918,33,6,1,50.34
919,34,6,42,34.17
920,35,6,10,2.2
921,36,6,7,2.47
922,37,6,38,25.72
923,38,6,29,15.8
924,39,6,23,12.02
925,40,6,34,20.8
926,41,6,30,13.35
927,42,6,7,2.88
928,43,6,39,19.48
929,44,6,36,17.56
930,45,6,23,3.54
931,46,6,42,29.91
932,47,6,49,32.01
933,48,6,35,16.04
934,49,6,27,11.51
935,50,6,24,9.09
936,51,6,22,7.81
937,52,6,16,6.75
938,53,6,19,5.36
939,54,6,13,3.51
940,55,6,18,5.22
941,56,6,15,3.82
942,57,6,11,6.38
943,58,6,26,13.78
944,59,6,38,23.56
945,60,6,26,11.3
946,61,6,22,8.64
947,62,6,26,12.18
948,63,6,17,3.33
949,64,6,16,2.52
950,65,6,48,24.97
951,66,6,33,13.61
952,67,6,31,12.45
953,68,6,23,12.85
954,69,6,11,4.67
955,70,6,23,7.44
956,71,6,25,8.41
957,72,6,14,6.73
958,73,6,24,9.39
959,74,6,10,2.13
960,75,6,44,21.67
961,76,6,51,27.26
962,77,6,5,2.17
963,78,6,43,20.09
964,79,6,1,0.12
965,80,6,30,11.26
966,81,6,16,8.54
967,82,6,18,3.83
968,83,6,21,4
969,84,6,11,6.33
970,85,6,5,1.27
971,86,6,2,0.73
972,87,6,4,1.91
973,88,6,10,3.71
974,89,6,9,3.15
975,90,6,7,3.07
976,91,6,5,2.69
977,92,6,13,5.69
978,93,6,16,7.59
979,94,6,26,9.8
980,95,6,18,5.17
981,96,6,17,5.62
982,97,6,14,8.33
983,98,6,10,5.4
984,99,6,7,3.97
985,100,6,9,4.57
986,101,6,6,3.02
987,102,6,4,2.05
988,103,6,3,1.09
989,104,6,3,0.47
990,105,6,9,2.34
991,106,6,16,5.55
992,107,6,14,4.34
993,108,6,8,3.7
994,109,6,14,3.19
995,110,6,22,7.83
996,111,6,21,6.86
997,112,6,18,6.02
998,113,6,34,13.32
999,114,6,32,12.04
1000,115,6,39,16.82
1001,116,6,41,18.38
1002,117,6,46,22.71
1003,118,6,53,28.74
1004,119,6,17,3.31
1005,120,6,15,2.61
1006,121,6,13,2.28
1007,122,6,12,1.82
1008,123,6,4,1.52
1009,124,6,8,1.16
1010,125,6,14,1.53
1011,126,6,20,8.99
1012,127,6,18,7.77
1013,128,6,16,7.11
1014,129,6,15,6.51
1015,130,6,13,5.88
1016,131,6,12,5.28
1017,132,6,11,4.77
1018,133,6,9,4.24
1019,134,6,2,0.92
1020,135,6,4,1.61
1021,136,6,7,2.95
1022,137,6,3,0.97
1023,138,6,3,0.4
1024,139,6,21,10.07
1025,140,6,22,12.49
1026,141,6,15,7.49
1027,142,6,14,6.7
1028,143,6,13,5.89
1029,144,6,11,5.16
1030,145,6,20,11.56
1031,146,6,19,10.55
1032,147,6,17,9.5
1033,148,6,16,8.34
1034,149,6,15,7.44
1035,150,6,13,6.29
1036,151,6,11,5.35
1037,152,6,10,4.4
1038,153,6,9,3.86
1039,154,6,10,4.44
1040,155,6,9,3.79
1041,156,6,7,3.19
1042,157,6,6,2.57
1043,158,6,21,7.99
1044,159,6,20,6.83
1045,160,6,27,5.87
1046,161,6,19,4.71
1047,162,6,24,3.94
1048,163,6,23,3.6
1049,164,6,22,3.38
1050,165,6,25,3.19
1051,166,6,20,2.51
1052,167,6,24,7.31
1053,168,6,23,6.72
1054,169,6,20,5.82
1055,170,6,19,4.89
1056,171,6,17,4.21
1057,172,6,13,3.58
1058,173,6,15,2.58
1059,174,6,12,3.21
1060,175,6,14,4.7
1061,176,6,13,3.92
1062,177,6,9,2.05
1063,1,7,21,5.8
1064,2,7,19,7.04
1065,3,7,29,3.99
1066,4,7,35,10.69
1067,5,7,42,10.23
1068,6,7,36,12.6
1069,7,7,1,24.17
1070,8,7,49,26.78
1071,9,7,38,14.5
1072,10,7,27,8.29
1073,11,7,71,43.14
1074,12,7,67,39.64
1075,13,7,50,22.61
1076,14,7,32,10.4
1077,15,7,55,19.6
1078,16,7,34,3.97
1079,17,7,59,22.77
1080,18,7,55,20.04
1081,19,7,30,6.11
1082,20,7,33,7.11
1083,21,7,32,3.44
1084,22,7,27,5.12
1085,23,7,36,8.3
1086,24,7,31,6.15
1087,25,7,47,15.11
1088,26,7,57,20.35
1089,27,7,55,24.01
1090,28,7,52,21.27
1091,29,7,62,25.41
1092,30,7,44,10.58
1093,31,7,81,38.77
1094,32,7,53,13.86
1095,33,7,89,42.94
1096,34,7,63,26.93
1097,35,7,19,6.96
1098,36,7,29,9.38
1099,37,7,59,32.75
1100,38,7,56,18.82
1101,39,7,50,16.9
1102,40,7,55,27.86
1103,41,7,38,11.89
1104,42,7,28,8.92
1105,43,7,43,13.94
1106,44,7,40,12.22
1107,45,7,13,4.24
1108,46,7,63,36.92
1109,47,7,49,25.22
1110,48,7,39,10.86
1111,49,7,35,10.41
1112,50,7,32,9.23
1113,51,7,30,8.12
1114,52,7,32,6.78
1115,53,7,23,4.72
1116,54,7,27,6.12
1117,55,7,40,12.57
1118,56,7,35,11.24
1119,57,7,46,13.59
1120,58,7,53,17.57
1121,59,7,66,30.47
1122,60,7,54,18.31
1123,61,7,50,15.72
1124,62,7,46,19.31
1125,63,7,37,6.18
1126,64,7,35,5.74
1127,65,7,65,31.59
1128,66,7,52,19.5
1129,67,7,50,18.41
1130,68,7,25,6.12
1131,69,7,28,6.85
1132,70,7,43,8.07
1133,71,7,44,8.72
1134,72,7,31,6.85
1135,73,7,43,15.55
1136,74,7,18,7.08
1137,75,7,61,28.34
1138,76,7,68,33.89
1139,77,7,29,9.07
1140,78,7,1,26.76
1141,79,7,34,7.31
1142,80,7,49,17.33
1143,81,7,24,2.77
1144,82,7,38,6.66
1145,83,7,40,7.92
1146,84,7,46,13.53
1147,85,7,34,7.84
1148,86,7,34,7.66
1149,87,7,27,8.18
1150,88,7,26,7.09
1151,89,7,21,7.79
1152,90,7,28,8.6
1153,91,7,27,8.79
1154,92,7,29,6.77
1155,93,7,32,7.04
1156,94,7,49,17.14
1157,95,7,40,12.52
1158,96,7,40,13
1159,97,7,49,15.6
1160,98,7,45,12.6
1161,99,7,43,11.15
1162,100,7,44,11.76
1163,101,7,41,10.19
1164,102,7,39,9.24
1165,103,7,41,8.28
1166,104,7,36,7.5
1167,105,7,25,7.87
1168,106,7,35,12.37
1169,107,7,33,11.21
1170,108,7,30,10.18
1171,109,7,29,9.49
1172,110,7,41,14.01
1173,111,7,40,13.13
1174,112,7,37,12.59
1175,113,7,51,19.72
1176,114,7,49,18.36
1177,115,7,56,23.36
1178,116,7,58,25.01
1179,117,7,63,29.39
1180,118,7,70,35.37
1181,119,7,37,6.14
1182,120,7,34,5.78
1183,121,7,33,5.5
1184,122,7,31,5.75
1185,123,7,21,5.91
1186,124,7,28,6.49
1187,125,7,26,6.68
1188,126,7,44,13.41
1189,127,7,42,12.54
1190,128,7,41,12.1
1191,129,7,39,11.73
1192,130,7,38,11.35
1193,131,7,37,11.01
1194,132,7,35,10.74
1195,133,7,34,10.48
1196,134,7,26,8.24
1197,135,7,28,8.68
1198,136,7,31,9.63
1199,137,7,22,6.5
1200,138,7,32,7.02
1201,139,7,39,14.45
1202,140,7,24,5.41
1203,141,7,27,2.26
1204,142,7,14,2.13
1205,143,7,21,2.28
1206,144,7,20,2.56
1207,145,7,22,4.51
1208,146,7,21,3.55
1209,147,7,19,2.59
1210,148,7,18,1.79
1211,149,7,17,1.31
1212,150,7,15,1.69
1213,151,7,9,2.2
1214,152,7,15,3.03
1215,153,7,16,3.57
1216,154,7,15,3.11
1217,155,7,19,3.67
1218,156,7,23,4.25
1219,157,7,25,4.86
1220,158,7,6,0.65
1221,159,7,7,0.6
1222,160,7,8,1.56
1223,161,7,11,2.97
1224,162,7,12,3.63
1225,163,7,13,4.22
1226,164,7,14,4.77
1227,165,7,16,5.44
1228,166,7,17,6.3
1229,167,7,29,11.13
1230,168,7,28,10.62
1231,169,7,26,9.86
1232,170,7,24,9.12
1233,171,7,23,8.58
1234,172,7,23,8.11
1235,173,7,20,7.52
1236,174,7,36,10.51
1237,175,7,37,11.99
1238,176,7,36,11.22
1239,177,7,32,9.34
1240,1,8,8,1.41
1241,2,8,10,1.38
1242,3,8,43,7.16
1243,4,8,25,5.36
1244,5,8,37,16.95
1245,6,8,21,5.71
1246,7,8,41,30.67
1247,8,8,43,33.43
1248,9,8,33,9.49
1249,10,8,9,1.53
1250,11,8,57,36.2
1251,12,8,53,32.7
1252,13,8,36,15.6
1253,14,8,18,3.31
1254,15,8,47,26.69
1255,16,8,24,5.27
1256,17,8,51,29.85
1257,18,8,36,26.46
1258,19,8,31,9.08
1259,20,8,34,10.57
1260,21,8,27,6.87
1261,22,8,28,6.98
1262,23,8,37,12.2
1263,24,8,33,12.25
1264,25,8,42,22.04
1265,26,8,37,14.06
1266,27,8,50,30.8
1267,28,8,47,28.13
1268,29,8,42,19.3
1269,30,8,18,4.08
1270,31,8,56,45.76
1271,32,8,43,20.89
1272,33,8,64,50.03
1273,34,8,55,33.97
1274,35,8,10,1.34
1275,36,8,15,2.35
1276,37,8,45,25.79
1277,38,8,37,16.65
1278,39,8,31,12.89
1279,40,8,41,20.88
1280,41,8,35,12.48
1281,42,8,12,2.38
1282,43,8,44,18.74
1283,44,8,41,16.82
1284,45,8,23,3
1285,46,8,49,29.98
1286,47,8,41,31.38
1287,48,8,40,15.29
1288,49,8,32,10.64
1289,50,8,29,8.22
1290,51,8,27,6.94
1291,52,8,21,5.89
1292,53,8,23,4.58
1293,54,8,17,2.66
1294,55,8,24,5.48
1295,56,8,21,4.22
1296,57,8,20,7.02
1297,58,8,34,14.64
1298,59,8,46,24.23
1299,60,8,34,11.98
1300,61,8,30,9.32
1301,62,8,32,12.29
1302,63,8,15,3.85
1303,64,8,14,2.88
1304,65,8,50,24.9
1305,66,8,37,13.32
1306,67,8,35,12.17
1307,68,8,29,12.29
1308,69,8,16,3.8
1309,70,8,21,8.04
1310,71,8,23,9.01
1311,72,8,19,5.87
1312,73,8,28,9.13
1313,74,8,9,1.27
1314,75,8,46,21.61
1315,76,8,53,27.2
1316,77,8,16,2.03
1317,78,8,45,20.03
1318,79,8,11,0.86
1319,80,8,34,11
1320,81,8,22,8.48
1321,82,8,16,4.43
1322,83,8,18,4.75
1323,84,8,20,6.98
1324,85,8,12,0.82
1325,86,8,6,0.58
1326,87,8,9,1.39
1327,88,8,15,2.85
1328,89,8,14,2.34
1329,90,8,12,2.44
1330,91,8,10,2.19
1331,92,8,18,4.82
1332,93,8,21,6.72
1333,94,8,32,10.05
1334,95,8,24,5.43
1335,96,8,23,5.92
1336,97,8,22,8.92
1337,98,8,18,6.07
1338,99,8,16,4.67
1339,100,8,17,5.25
1340,101,8,14,3.75
1341,102,8,13,2.82
1342,103,8,12,1.93
1343,104,8,13,1.33
1344,105,8,11,1.61
1345,106,8,20,5.46
1346,107,8,18,4.26
1347,108,8,16,3.42
1348,109,8,15,2.8
1349,110,8,26,7.55
1350,111,8,25,6.6
1351,112,8,22,5.84
1352,113,8,36,13.16
1353,114,8,34,11.84
1354,115,8,41,16.71
1355,116,8,43,18.3
1356,117,8,48,22.66
1357,118,8,55,28.68
1358,119,8,15,3.82
1359,120,8,13,2.99
1360,121,8,11,2.47
1361,122,8,10,1.95
1362,123,8,8,1.32
1363,124,8,7,0.61
1364,125,8,8,0.68
1365,126,8,31,8.39
1366,127,8,29,7.19
1367,128,8,27,6.55
1368,129,8,26,5.99
1369,130,8,24,5.38
1370,131,8,23,4.82
1371,132,8,22,4.36
1372,133,8,20,3.89
1373,134,8,13,1.23
1374,135,8,15,1.59
1375,136,8,18,2.72
1376,137,8,8,0.75
1377,138,8,8,0.73
1378,139,8,32,9.48
1379,140,8,28,12
1380,141,8,21,7.42
1381,142,8,20,6.62
1382,143,8,19,5.79
1383,144,8,17,5.02
1384,145,8,26,11.07
1385,146,8,25,10.07
1386,147,8,23,9.02
1387,148,8,22,7.85
1388,149,8,21,6.98
1389,150,8,19,5.83
1390,151,8,17,4.94
1391,152,8,16,4.08
1392,153,8,15,3.6
1393,154,8,16,4.27
1394,155,8,15,3.6
1395,156,8,13,2.98
1396,157,8,12,2.4
1397,158,8,27,7.7
1398,159,8,26,6.52
1399,160,8,26,5.54
1400,161,8,23,4.24
1401,162,8,21,3.5
1402,163,8,22,3.04
1403,164,8,21,2.71
1404,165,8,20,2.42
1405,166,8,18,1.66
1406,167,8,25,6.6
1407,168,8,24,6
1408,169,8,21,5.09
1409,170,8,20,4.15
1410,171,8,18,3.45
1411,172,8,18,2.8
1412,173,8,16,1.76
1413,174,8,19,3.42
1414,175,8,20,4.9
1415,176,8,19,4.12
1416,177,8,15,2.25
1417,1,9,16,1.77
1418,2,9,21,3.66
1419,3,9,26,5.43
1420,4,9,36,7.74
1421,5,9,45,16.83
1422,6,9,33,7.52
1423,7,9,39,29.12
1424,8,9,52,33.39
1425,9,9,142,11.85
1426,10,9,32,3.82
1427,11,9,72,37.59
1428,12,9,68,34.11
1429,13,9,51,17
1430,14,9,34,4.63
1431,15,9,69,25.88
1432,16,9,39,6.23
1433,17,9,73,28.93
1434,18,9,34,24.9
1435,19,9,39,10.18
1436,20,9,42,11.63
1437,21,9,42,7.55
1438,22,9,36,8.16
1439,23,9,45,13.2
1440,24,9,39,12.46
1441,25,9,57,21.7
1442,26,9,46,13.75
1443,27,9,65,30.63
1444,28,9,62,27.88
1445,29,9,51,18.85
1446,30,9,25,4.05
1447,31,9,79,45.32
1448,32,9,65,20.4
1449,33,9,87,49.28
1450,34,9,77,32.94
1451,35,9,21,3.59
1452,36,9,30,4.24
1453,37,9,1,27.2
1454,38,9,66,14.58
1455,39,9,1,11.28
1456,40,9,56,22.29
1457,41,9,65,14.32
1458,42,9,25,4.67
1459,43,9,52,19.59
1460,44,9,49,17.71
1461,45,9,33,3.58
1462,46,9,64,31.39
1463,47,9,52,31.68
1464,48,9,48,16.21
1465,49,9,62,12.5
1466,50,9,59,10.22
1467,51,9,57,8.89
1468,52,9,40,7.67
1469,53,9,31,5.84
1470,54,9,43,4.51
1471,55,9,39,6.63
1472,56,9,39,5.12
1473,57,9,27,7.01
1474,58,9,63,12.72
1475,59,9,55,23.9
1476,60,9,43,11.7
1477,61,9,109,9.11
1478,62,9,47,13.68
1479,63,9,13,1.53
1480,64,9,6,0.94
1481,65,9,62,26.59
1482,66,9,49,15.39
1483,67,9,47,14.22
1484,68,9,39,12.46
1485,69,9,36,5.83
1486,70,9,19,5.66
1487,71,9,21,6.64
1488,72,9,39,7.67
1489,73,9,40,11.17
1490,74,9,20,3.56
1491,75,9,58,23.29
1492,76,9,65,28.88
1493,77,9,27,3.96
1494,78,9,57,21.71
1495,79,9,16,1.72
1496,80,9,46,13.03
1497,81,9,32,7.22
1498,82,9,14,2.05
1499,83,9,16,2.48
1500,84,9,27,6.95
1501,85,9,29,3.04
1502,86,9,26,2.52
1503,87,9,44,3.68
1504,88,9,34,5.02
1505,89,9,33,4.7
1506,90,9,31,4.81
1507,91,9,24,4.47
1508,92,9,80,6.72
1509,93,9,40,8.46
1510,94,9,133,11.13
1511,95,9,39,6.57
1512,96,9,38,6.96
1513,97,9,29,9.02
1514,98,9,25,6.02
1515,99,9,23,4.6
1516,100,9,24,5.19
1517,101,9,22,3.66
1518,102,9,13,2.78
1519,103,9,18,1.97
1520,104,9,16,1.49
1521,105,9,22,4
1522,106,9,32,7.26
1523,107,9,30,6.07
1524,108,9,27,5.49
1525,109,9,26,4.99
1526,110,9,38,9.61
1527,111,9,37,8.64
1528,112,9,34,7.78
1529,113,9,48,15.04
1530,114,9,46,13.77
1531,115,9,53,18.49
1532,116,9,55,20.02
1533,117,9,1,24.33
1534,118,9,67,30.35
1535,119,9,13,1.51
1536,120,9,8,0.97
1537,121,9,12,1.13
1538,122,9,14,1.14
1539,123,9,15,1.73
1540,124,9,18,2.17
1541,125,9,19,2.78
1542,126,9,48,10.76
1543,127,9,46,9.54
1544,128,9,45,8.89
1545,129,9,43,8.31
1546,130,9,42,7.68
1547,131,9,41,7.08
1548,132,9,39,6.58
1549,133,9,32,6.05
1550,134,9,26,2.65
1551,135,9,30,3.38
1552,136,9,35,4.75
1553,137,9,22,1.8
1554,138,9,20,1.69
1555,139,9,142,11.84
1556,140,9,38,11.95
1557,141,9,31,6.21
1558,142,9,30,5.46
1559,143,9,28,4.71
1560,144,9,27,4.11
1561,145,9,36,11.02
1562,146,9,34,10.01
1563,147,9,33,8.97
1564,148,9,31,7.85
1565,149,9,30,6.94
1566,150,9,28,5.85
1567,151,9,27,4.83
1568,152,9,25,3.8
1569,153,9,24,3.2
1570,154,9,26,3.51
1571,155,9,24,3.01
1572,156,9,22,2.56
1573,157,9,17,2.08
1574,158,9,85,7.1
1575,159,9,36,6.01
1576,160,9,38,5.15
1577,161,9,32,4.39
1578,162,9,31,3.67
1579,163,9,30,3.64
1580,164,9,29,3.73
1581,165,9,28,3.89
1582,166,9,27,3.59
1583,167,9,35,8.99
1584,168,9,34,8.38
1585,169,9,32,7.47
1586,170,9,30,6.53
1587,171,9,29,5.82
1588,172,9,29,5.16
1589,173,9,28,4.12
1590,174,9,57,4.77
1591,175,9,35,6.19
1592,176,9,34,5.44
1593,177,9,25,3.69
1594,1,10,22,3
1595,2,10,9,1.23
1596,3,10,59,8.18
1597,4,10,22,4.02
1598,5,10,22,15.72
1599,6,10,24,6.17
1600,7,10,65,30.89
1601,8,10,39,31.97
1602,9,10,27,8.06
1603,10,10,10,2.38
1604,11,10,56,36.53
1605,12,10,52,33.03
1606,13,10,35,16.13
1607,14,10,17,4.88
1608,15,10,32,26.04
1609,16,10,9,3.62
1610,17,10,36,29.29
1611,18,10,59,26.74
1612,19,10,20,6.96
1613,20,10,23,8.44
1614,21,10,12,5.3
1615,22,10,17,4.9
1616,23,10,26,10.07
1617,24,10,18,10.81
1618,25,10,27,20.95
1619,26,10,41,16.16
1620,27,10,35,29.47
1621,28,10,32,26.88
1622,29,10,46,21.43
1623,30,10,24,6.39
1624,31,10,56,44.63
1625,32,10,28,19.97
1626,33,10,64,49.21
1627,34,10,42,33.52
1628,35,10,9,1.25
1629,36,10,14,3.56
1630,37,10,44,26.16
1631,38,10,42,19.17
1632,39,10,36,15.45
1633,40,10,40,21.31
1634,41,10,28,9.92
1635,42,10,10,2.58
1636,43,10,33,16.65
1637,44,10,30,14.71
1638,45,10,18,2.72
1639,46,10,48,30.32
1640,47,10,38,29.64
1641,48,10,29,13.17
1642,49,10,25,8.08
1643,50,10,22,5.66
1644,51,10,20,4.37
1645,52,10,10,3.39
1646,53,10,13,2.71
1647,54,10,4,0.63
1648,55,10,25,6.85
1649,56,10,20,5.98
1650,57,10,26,9.13
1651,58,10,39,17.19
1652,59,10,50,26.25
1653,60,10,38,14.09
1654,61,10,34,11.44
1655,62,10,31,12.91
1656,63,10,32,5.88
1657,64,10,39,4.78
1658,65,10,53,24.87
1659,66,10,43,12.76
1660,67,10,41,11.67
1661,68,10,24,10.89
1662,69,10,6,1.24
1663,70,10,38,10.04
1664,71,10,39,11
1665,72,10,9,3.36
1666,73,10,31,8.81
1667,74,10,9,1.35
1668,75,10,49,21.63
1669,76,10,56,27.16
1670,77,10,14,3.34
1671,78,10,48,20.06
1672,79,10,15,3.42
1673,80,10,40,10.58
1674,81,10,37,8.84
1675,82,10,33,6.55
1676,83,10,38,7.13
1677,84,10,26,9.09
1678,85,10,14,2.58
1679,86,10,14,2.93
1680,87,10,10,2.38
1681,88,10,5,0.42
1682,89,10,7,1.16
1683,90,10,8,2.08
1684,91,10,9,2.53
1685,92,10,7,2.28
1686,93,10,10,4.23
1687,94,10,47,11.13
1688,95,10,25,6.81
1689,96,10,34,7.33
1690,97,10,28,10.88
1691,98,10,24,8.24
1692,99,10,22,6.95
1693,100,10,23,7.48
1694,101,10,21,6.11
1695,102,10,19,5.26
1696,103,10,18,4.46
1697,104,10,18,3.89
1698,105,10,15,1.73
1699,106,10,23,5.96
1700,107,10,23,4.95
1701,108,10,18,3.81
1702,109,10,15,3.14
1703,110,10,29,7.29
1704,111,10,28,6.45
1705,112,10,25,6.03
1706,113,10,39,12.99
1707,114,10,37,11.63
1708,115,10,44,16.64
1709,116,10,46,18.3
1710,117,10,51,22.68
1711,118,10,58,28.64
1712,119,10,32,5.84
1713,120,10,29,4.91
1714,121,10,28,4.21
1715,122,10,26,3.76
1716,123,10,22,2.99
1717,124,10,16,2.52
1718,125,10,17,1.94
1719,126,10,33,6.94
1720,127,10,31,5.92
1721,128,10,33,5.42
1722,129,10,28,5
1723,130,10,26,4.6
1724,131,10,25,4.29
1725,132,10,24,4.08
1726,133,10,22,3.93
1727,134,10,21,3.5
1728,135,10,19,3.33
1729,136,10,19,3.51
1730,137,10,24,2.88
1731,138,10,18,3.23
1732,139,10,28,8.04
1733,140,10,41,10.83
1734,141,10,36,7.83
1735,142,10,35,7.06
1736,143,10,33,6.28
1737,144,10,32,5.47
1738,145,10,39,9.95
1739,146,10,37,9
1740,147,10,36,8.02
1741,148,10,34,6.9
1742,149,10,33,6.16
1743,150,10,27,5.13
1744,151,10,23,4.6
1745,152,10,28,4.19
1746,153,10,27,4.03
1747,154,10,31,4.8
1748,155,10,29,4.21
1749,156,10,25,3.75
1750,157,10,24,3.47
1751,158,10,26,7.39
1752,159,10,24,6.27
1753,160,10,25,5.34
1754,161,10,20,3.84
1755,162,10,19,3.4
1756,163,10,18,2.72
1757,164,10,17,2.1
1758,165,10,16,1.4
1759,166,10,8,1.08
1760,167,10,19,4.81
1761,168,10,18,4.22
1762,169,10,16,3.34
1763,170,10,14,2.46
1764,171,10,13,1.86
1765,172,10,11,1.37
1766,173,10,15,1.23
1767,174,10,21,4.93
1768,175,10,35,6.18
1769,176,10,29,5.51
1770,177,10,25,4.05
