"id","nome","prezzo(€/mese)","minuti_arrivo_duomo","minuti_arrivo_sansiro","minuti_arrivo_navigli","url_annuncio"
4896,"Bilocale viale Giovanni Suzzani, Bicocca, Milano",700,23,29,13,https://www.immobiliare.it/annunci/104445943/
4918,"Bilocale via Luigi Pulci, Bicocca, Milano",750,22,28,12,https://www.immobiliare.it/annunci/104054543/
4879,"Bilocale viale Rodi 91, Bicocca, Milano",900,21,27,11,https://www.immobiliare.it/annunci/104531715/
4907,"Bilocale viale Fulvio Testi, Bicocca, Milano",950,21,27,11,https://www.immobiliare.it/annunci/104358165/
4910,"Bilocale viale Fulvio Testi, Bicocca, Milano",950,21,27,11,https://www.immobiliare.it/annunci/104358389/
4908,"Bilocale viale Fulvio Testi, Bicocca, Milano",950,21,27,11,https://www.immobiliare.it/annunci/104358953/
4905,"Bilocale viale Fulvio Testi, Bicocca, Milano",950,21,27,11,https://www.immobiliare.it/annunci/104360797/
4906,"Bilocale viale Fulvio Testi, Bicocca, Milano",950,21,27,11,https://www.immobiliare.it/annunci/104361801/
4925,"Bilocale viale Fulvio Testi 182, Bicocca, Milano",1200,20,26,10,https://www.immobiliare.it/annunci/103894803/
4883,"Appartamento viale Giovanni Suzzani,1, Bicocca, Milano",1370,23,29,13,https://www.immobiliare.it/annunci/104552161/
4942,"Trilocale via Luigi Pulci 2, Bicocca, Milano",1690,21,27,11,https://www.immobiliare.it/annunci/103588124/
4927,"Trilocale via Luigi Pulci 2, Bicocca, Milano",1690,21,27,11,https://www.immobiliare.it/annunci/104286817/
4884,"Appartamento viale Giovanni Suzzani,1, Bicocca, Milano",1820,23,29,13,https://www.immobiliare.it/annunci/104552165/
4885,"Appartamento viale Giovanni Suzzani,1, Bicocca, Milano",2150,23,29,13,https://www.immobiliare.it/annunci/104552163/
5024,Albergo in Affitto,21000,24,29,10,https://www.immobiliare.it/annunci/84545882/
