"nome","indirizzo","prezzo(€/mese)","url_annuncio","numero_locali"
"Appartamento via Conte Suardi 84, Segrate Centro, Segrate","via Conte Suardi 84, Segrate Centro, Segrate",400,https://www.immobiliare.it/annunci/104442785/,5
"Trilocale via Mazzini, 2, Centro - Piazza Gramsci, Cinisello Balsamo","via Mazzini, 2, Centro - Piazza Gramsci, Cinisello Balsamo",500,https://www.immobiliare.it/annunci/103315710/,3
"Trilocale via Guerciotti 33, Piscina, Legnano","via Guerciotti 33, Piscina, Legnano",500,https://www.immobiliare.it/annunci/103387542/,3
"Trilocale via Fermi 20/A, Turbigo","via Fermi 20/A, Turbigo",500,https://www.immobiliare.it/annunci/100700927/,3
"Trilocale via fagnani, Centro, Sedriano","via fagnani, Centro, Sedriano",560,https://www.immobiliare.it/annunci/104276869/,3
"Trilocale via Giuseppe Verdi 3, Centro, Opera","via Giuseppe Verdi 3, Centro, Opera",580,https://www.immobiliare.it/annunci/97298074/,3
"Trilocale via Papa Giovanni XXIII 34, Buscate","via Papa Giovanni XXIII 34, Buscate",600,https://www.immobiliare.it/annunci/103586084/,3
"Trilocale via Mazzini, 2, Centro - Piazza Gramsci, Cinisello Balsamo","via Mazzini, 2, Centro - Piazza Gramsci, Cinisello Balsamo",600,https://www.immobiliare.it/annunci/103425798/,3
"Trilocale via Alessandro Manzoni 3, Liscate","via Alessandro Manzoni 3, Liscate",600,https://www.immobiliare.it/annunci/69782766/,3
"Trilocale via Pacinotti, Centro, Magenta","via Pacinotti, Centro, Magenta",600,https://www.immobiliare.it/annunci/103967555/,3
"Trilocale via Giacomo Frassi, Melegnano","via Giacomo Frassi, Melegnano",600,https://www.immobiliare.it/annunci/103848415/,3
"Trilocale via Alessandro Manzoni, Pregnana Milanese","via Alessandro Manzoni, Pregnana Milanese",600,https://www.immobiliare.it/annunci/103552332/,3
"Trilocale via Vittoria, Centro, San Colombano al Lambro","via Vittoria, Centro, San Colombano al Lambro",600,https://www.immobiliare.it/annunci/98918768/,3
"Trilocale via Edmondo De Amicis, Centro, Sedriano","via Edmondo De Amicis, Centro, Sedriano",600,https://www.immobiliare.it/annunci/104537947/,3
"Trilocale via Forlì 12, Marzabotto, Sesto San Giovanni","via Forlì 12, Marzabotto, Sesto San Giovanni",600,https://www.immobiliare.it/annunci/98233812/,3
"Trilocale buono stato, terzo piano, Zibido San Giacomo","buono stato, terzo piano, Zibido San Giacomo",600,https://www.immobiliare.it/annunci/103573650/,3
"Trilocale via venezia 10, Calderara, Paderno Dugnano","via venezia 10, Calderara, Paderno Dugnano",630,https://www.immobiliare.it/annunci/96122880/,3
"Trilocale via volta, Pregnana Milanese","via volta, Pregnana Milanese",630,https://www.immobiliare.it/annunci/104172559/,3
"Trilocale largo Donatello 17, Abbiategrasso","largo Donatello 17, Abbiategrasso",650,https://www.immobiliare.it/annunci/104377471/,3
"Trilocale via Filippo Turati 23, Centro, Cerro Maggiore","via Filippo Turati 23, Centro, Cerro Maggiore",650,https://www.immobiliare.it/annunci/104489107/,3
"Trilocale via Pasubio, Bellaria, Cinisello Balsamo","via Pasubio, Bellaria, Cinisello Balsamo",650,https://www.immobiliare.it/annunci/101730819/,3
"Trilocale via dei Mille 24, Centro, Cornaredo","via dei Mille 24, Centro, Cornaredo",650,https://www.immobiliare.it/annunci/103939591/,3
"Trilocale buono stato, terzo piano, Piscina, Legnano","buono stato, terzo piano, Piscina, Legnano",650,https://www.immobiliare.it/annunci/104543531/,3
"Trilocale via Matelda 18, Mesero","via Matelda 18, Mesero",650,https://www.immobiliare.it/annunci/102684394/,3
"Mansarda Strada Statale del Sempione 41, Centro, Nerviano","Strada Statale del Sempione 41, Centro, Nerviano",650,https://www.immobiliare.it/annunci/84257222/,3
"Trilocale via sant'antonio, Ravello, Villastanza, Villapia, Parabiago","via sant'antonio, Ravello, Villastanza, Villapia, Parabiago",650,https://www.immobiliare.it/annunci/104474207/,3
"Trilocale via Giacomo Matteotti, Centro, Pessano con Bornago","via Giacomo Matteotti, Centro, Pessano con Bornago",650,https://www.immobiliare.it/annunci/103230554/,3
"Trilocale via Alfredo di Dio 3, San Carlo - San Paolo, Rho","via Alfredo di Dio 3, San Carlo - San Paolo, Rho",650,https://www.immobiliare.it/annunci/103668508/,3
"Trilocale viale Europa 9, Centro, Ossona","viale Europa 9, Centro, Ossona",680,https://www.immobiliare.it/annunci/101082425/,3
"Trilocale via Don Minzoni, Ravello, Villastanza, Villapia, Parabiago","via Don Minzoni, Ravello, Villastanza, Villapia, Parabiago",680,https://www.immobiliare.it/annunci/104020869/,3
"Trilocale via Monte Ortigara, Bellaria, Cinisello Balsamo","via Monte Ortigara, Bellaria, Cinisello Balsamo",690,https://www.immobiliare.it/annunci/102115106/,3
"Trilocale via Piave 21, Bresso","via Piave 21, Bresso",700,https://www.immobiliare.it/annunci/104527189/,3
"Trilocale piazza 8 Marzo, Bubbiano","piazza 8 Marzo, Bubbiano",700,https://www.immobiliare.it/annunci/76877488/,3
"Trilocale ottimo stato, terzo piano, Carugate","ottimo stato, terzo piano, Carugate",700,https://www.immobiliare.it/annunci/104095483/,3
"Trilocale piazza Garibaldi, Centro, Cassano d'Adda","piazza Garibaldi, Centro, Cassano d'Adda",700,https://www.immobiliare.it/annunci/104488277/,3
"Trilocale piazza Giuseppe Garibaldi, Centro, Cassano d'Adda","piazza Giuseppe Garibaldi, Centro, Cassano d'Adda",700,https://www.immobiliare.it/annunci/102283236/,3
"Trilocale via Eugenio Villoresi 4, Centro, Corbetta","via Eugenio Villoresi 4, Centro, Corbetta",700,https://www.immobiliare.it/annunci/104150075/,3
"Trilocale terzo piano, Semicentro, Isola, Corbetta","terzo piano, Semicentro, Isola, Corbetta",700,https://www.immobiliare.it/annunci/102309932/,3
"Trilocale via Generale Luigi Cadorna, Cormano","via Generale Luigi Cadorna, Cormano",700,https://www.immobiliare.it/annunci/103762490/,3
"Trilocale via Solferino, Centro, Magenta","via Solferino, Centro, Magenta",700,https://www.immobiliare.it/annunci/103228714/,3
"Trilocale via Fosse Ardeatine 4, Semicentro, Paderno Dugnano","via Fosse Ardeatine 4, Semicentro, Paderno Dugnano",700,https://www.immobiliare.it/annunci/95250776/,3
"Trilocale via Richard Wagner, 2, Calderara, Paderno Dugnano","via Richard Wagner, 2, Calderara, Paderno Dugnano",700,https://www.immobiliare.it/annunci/75238122/,3
"Trilocale via Lainate 10, Pogliano Milanese","via Lainate 10, Pogliano Milanese",700,https://www.immobiliare.it/annunci/103227548/,3
"Trilocale via Perugia, Passirana - Biringhello, Rho","via Perugia, Passirana - Biringhello, Rho",700,https://www.immobiliare.it/annunci/104265959/,3
"Trilocale via Tommaso Grossi 11, San Vittore Olona","via Tommaso Grossi 11, San Vittore Olona",700,https://www.immobiliare.it/annunci/103933441/,3
"Trilocale via Giacomo Puccini 60, Rondinella - Stazione, Sesto San Giovanni","via Giacomo Puccini 60, Rondinella - Stazione, Sesto San Giovanni",700,https://www.immobiliare.it/annunci/99086822/,3
"Appartamento via Vulcano, Pelucca - Villaggio Falck, Sesto San Giovanni","via Vulcano, Pelucca - Villaggio Falck, Sesto San Giovanni",700,https://www.immobiliare.it/annunci/104494177/,4
"Trilocale buono stato, primo piano, Centro, Tribiano","buono stato, primo piano, Centro, Tribiano",700,https://www.immobiliare.it/annunci/100443106/,3
"Trilocale via Luigi Einaudi 1, Pasturago, Vernate","via Luigi Einaudi 1, Pasturago, Vernate",700,https://www.immobiliare.it/annunci/70249266/,3
"Trilocale via Fratelli Picardi  136, Rondinella - Stazione, Sesto San Giovanni","via Fratelli Picardi 136, Rondinella - Stazione, Sesto San Giovanni",715,https://www.immobiliare.it/annunci/100315642/,3
"Trilocale via Francesco Baracca 4, Centro, Corbetta","via Francesco Baracca 4, Centro, Corbetta",720,https://www.immobiliare.it/annunci/102041918/,3
"Trilocale via Milano 8, Centro, Garbagnate Milanese","via Milano 8, Centro, Garbagnate Milanese",720,https://www.immobiliare.it/annunci/104438135/,3
"Trilocale via 25 Aprile 15, Centro, Arese","via 25 Aprile 15, Centro, Arese",750,https://www.immobiliare.it/annunci/102442128/,3
"Trilocale via Fabio Filzi, Carugate","via Fabio Filzi, Carugate",750,https://www.immobiliare.it/annunci/103314340/,3
"Trilocale via Filippo Brunelleschi 4, Centro, Cesano Boscone","via Filippo Brunelleschi 4, Centro, Cesano Boscone",750,https://www.immobiliare.it/annunci/103036530/,3
"Trilocale buono stato, primo piano, Cusano Milanino","buono stato, primo piano, Cusano Milanino",750,https://www.immobiliare.it/annunci/102241642/,3
"Trilocale via Giuseppe Verdi, Sant'Ambrogio - San Magno, Legnano","via Giuseppe Verdi, Sant'Ambrogio - San Magno, Legnano",750,https://www.immobiliare.it/annunci/104265289/,3
"Trilocale via xxv aprile  13, Sant'Ambrogio - San Magno, Legnano","via xxv aprile 13, Sant'Ambrogio - San Magno, Legnano",750,https://www.immobiliare.it/annunci/103598610/,3
"Trilocale via Gioacchino Rossini, Marcallo, Marcallo con Casone","via Gioacchino Rossini, Marcallo, Marcallo con Casone",750,https://www.immobiliare.it/annunci/96208172/,3
"Quadrilocale piazza Macroom, Marcallo, Marcallo con Casone","piazza Macroom, Marcallo, Marcallo con Casone",750,https://www.immobiliare.it/annunci/104278001/,4
"Appartamento via Camillo Benso di Cavour 13, Centro, Opera","via Camillo Benso di Cavour 13, Centro, Opera",750,https://www.immobiliare.it/annunci/103534224/,3
"Trilocale via Roma 14, Pantigliate","via Roma 14, Pantigliate",750,https://www.immobiliare.it/annunci/104481211/,3
"Trilocale via Alessandro Manzoni, Pregnana Milanese","via Alessandro Manzoni, Pregnana Milanese",750,https://www.immobiliare.it/annunci/104571881/,3
"Trilocale via Alessandro Manzoni, Pregnana Milanese","via Alessandro Manzoni, Pregnana Milanese",750,https://www.immobiliare.it/annunci/104563131/,3
"Trilocale via Alessandro Manzoni, Pregnana Milanese","via Alessandro Manzoni, Pregnana Milanese",750,https://www.immobiliare.it/annunci/104531773/,3
"Trilocale via Alessandro Manzoni, Pregnana Milanese","via Alessandro Manzoni, Pregnana Milanese",750,https://www.immobiliare.it/annunci/104535729/,3
"Trilocale via Alessandro Manzoni, Pregnana Milanese","via Alessandro Manzoni, Pregnana Milanese",750,https://www.immobiliare.it/annunci/104532257/,3
"Trilocale via Alessandro Manzoni, Pregnana Milanese","via Alessandro Manzoni, Pregnana Milanese",750,https://www.immobiliare.it/annunci/104517329/,3
"Trilocale via Martiri di Belfiore 11, Senago","via Martiri di Belfiore 11, Senago",750,https://www.immobiliare.it/annunci/96807778/,3
"Trilocale viale Antonio Gramsci 463, Rondinella - Stazione, Sesto San Giovanni","viale Antonio Gramsci 463, Rondinella - Stazione, Sesto San Giovanni",750,https://www.immobiliare.it/annunci/95713838/,3
"Trilocale via Guglielmo Marconi 12, Vaprio d'Adda","via Guglielmo Marconi 12, Vaprio d'Adda",750,https://www.immobiliare.it/annunci/104254925/,3
"Trilocale via Palermo, Centro, Pioltello","via Palermo, Centro, Pioltello",770,https://www.immobiliare.it/annunci/104576233/,3
"Trilocale piazza Andrea Costa 28, Balsamo, Cinisello Balsamo","piazza Andrea Costa 28, Balsamo, Cinisello Balsamo",780,https://www.immobiliare.it/annunci/103734408/,3
"Trilocale via Luigi Einaudi 13, Centro, Arese","via Luigi Einaudi 13, Centro, Arese",800,https://www.immobiliare.it/annunci/103891507/,3
"Trilocale Appartamento via Diaz 90, Bareggio","Appartamento via Diaz 90, Bareggio",800,https://www.immobiliare.it/annunci/104541219/,3
"Trilocale via Caduti Bollatesi, Centro, Bollate","via Caduti Bollatesi, Centro, Bollate",800,https://www.immobiliare.it/annunci/103143172/,3
"Quadrilocale via Anna Maria Mozzoni, Bubbiano","via Anna Maria Mozzoni, Bubbiano",800,https://www.immobiliare.it/annunci/56660940/,4
"Trilocale via Isonzo, Centro, Busto Garolfo","via Isonzo, Centro, Busto Garolfo",800,https://www.immobiliare.it/annunci/103886901/,3
"Trilocale via Acacie 12, Centro, Cesano Boscone","via Acacie 12, Centro, Cesano Boscone",800,https://www.immobiliare.it/annunci/70756484/,3
"Trilocale viale Umbria 4, Centro, Cologno Monzese","viale Umbria 4, Centro, Cologno Monzese",800,https://www.immobiliare.it/annunci/104513149/,3
"Trilocale ottimo stato, secondo piano, Centro, Inzago","ottimo stato, secondo piano, Centro, Inzago",800,https://www.immobiliare.it/annunci/101241781/,3
"Terratetto unifamiliare via Goito 3, Sant'Ambrogio - San Magno, Legnano","unifamiliare via Goito 3, Sant'Ambrogio - San Magno, Legnano",800,https://www.immobiliare.it/annunci/104268787/,3
"Trilocale via Mazenta 15, Centro, Magenta","via Mazenta 15, Centro, Magenta",800,https://www.immobiliare.it/annunci/104151495/,3
"Trilocale via Matteotti 16, Melzo","via Matteotti 16, Melzo",800,https://www.immobiliare.it/annunci/104183627/,3
"Trilocale via delle Alpi 6, Novate Milanese","via delle Alpi 6, Novate Milanese",800,https://www.immobiliare.it/annunci/103923603/,3
"Trilocale via Camillo Golgi 8, Opera","via Camillo Golgi 8, Opera",800,https://www.immobiliare.it/annunci/71603236/,3
"Trilocale via Paolo Castelnovo 28, Centro, Parabiago","via Paolo Castelnovo 28, Centro, Parabiago",800,https://www.immobiliare.it/annunci/104422243/,3
"Trilocale via guarnazzola, Centro, Parabiago","via guarnazzola, Centro, Parabiago",800,https://www.immobiliare.it/annunci/103577656/,3
"Trilocale via Pio X 8 BIS, Centro, Pioltello","via Pio X 8 BIS, Centro, Pioltello",800,https://www.immobiliare.it/annunci/104579545/,3
"Appartamento via Andrea Costa 2, San Martino - Ghisolfa, Rho","via Andrea Costa 2, San Martino - Ghisolfa, Rho",800,https://www.immobiliare.it/annunci/100788469/,5
"Trilocale via Salvatore Quasimodo 4, San Pietro - Pace, Rho","via Salvatore Quasimodo 4, San Pietro - Pace, Rho",800,https://www.immobiliare.it/annunci/104543411/,3
"Trilocale via Lainate 60, San Giovanni, Rho","via Lainate 60, San Giovanni, Rho",800,https://www.immobiliare.it/annunci/104487155/,3
"Trilocale via Don Luigi Bettinetti, San Carlo - San Paolo, Rho","via Don Luigi Bettinetti, San Carlo - San Paolo, Rho",800,https://www.immobiliare.it/annunci/104324279/,3
"Trilocale via Goffredo Mameli 15, San Carlo - San Paolo, Rho","via Goffredo Mameli 15, San Carlo - San Paolo, Rho",800,https://www.immobiliare.it/annunci/103885071/,3
"Trilocale buono stato, secondo piano, Centro, San Donato Milanese","buono stato, secondo piano, Centro, San Donato Milanese",800,https://www.immobiliare.it/annunci/103836295/,3
"Trilocale via Don Giovanni Minzoni, Centro, Sesto San Giovanni","via Don Giovanni Minzoni, Centro, Sesto San Giovanni",800,https://www.immobiliare.it/annunci/103744552/,3
"Trilocale via Eugenio Curiel 6, Centro, Settala","via Eugenio Curiel 6, Centro, Settala",800,https://www.immobiliare.it/annunci/55410130/,3
"Trilocale via Antonio Gramsci 43, Centro, Settimo Milanese","via Antonio Gramsci 43, Centro, Settimo Milanese",800,https://www.immobiliare.it/annunci/102987348/,3
"Trilocale via Dante Alighieri, Buscate","via Dante Alighieri, Buscate",820,https://www.immobiliare.it/annunci/103458404/,3
"Trilocale piazza Carlo Alberto dalla Chiesa 20, Centro, Bollate","piazza Carlo Alberto dalla Chiesa 20, Centro, Bollate",833,https://www.immobiliare.it/annunci/103696178/,3
"Trilocale piazza Aldo Moro 2, Centro, Bollate","piazza Aldo Moro 2, Centro, Bollate",833,https://www.immobiliare.it/annunci/103617168/,3
"Trilocale piazza Solferino , 10, Centro, Bollate","piazza Solferino , 10, Centro, Bollate",835,https://www.immobiliare.it/annunci/103538318/,3
"Trilocale ottimo stato, quinto piano, Abbiategrasso","ottimo stato, quinto piano, Abbiategrasso",850,https://www.immobiliare.it/annunci/102635410/,3
"Mansarda via Francesco Croce 67, Abbiategrasso","via Francesco Croce 67, Abbiategrasso",850,https://www.immobiliare.it/annunci/65525064/,3
"Trilocale via Vittorio Veneto 92/B, Bresso","via Vittorio Veneto 92/B, Bresso",850,https://www.immobiliare.it/annunci/104300725/,3
"Trilocale via Delle Acacie, 1, Centro, Cesano Boscone","via Delle Acacie, 1, Centro, Cesano Boscone",850,https://www.immobiliare.it/annunci/100094482/,3
"Trilocale via Barbaiana, Centro, Lainate","via Barbaiana, Centro, Lainate",850,https://www.immobiliare.it/annunci/104023449/,3
"Trilocale via Santa Caterina, Piscina, Legnano","via Santa Caterina, Piscina, Legnano",850,https://www.immobiliare.it/annunci/104474877/,3
"Appartamento via Paolo Borsellino 1, Mairano, Noviglio","via Paolo Borsellino 1, Mairano, Noviglio",850,https://www.immobiliare.it/annunci/103170146/,5
"Trilocale via vespucci, Centro, Parabiago","via vespucci, Centro, Parabiago",850,https://www.immobiliare.it/annunci/104439307/,3
"Trilocale via San Martino, San Martino - Ghisolfa, Rho","via San Martino, San Martino - Ghisolfa, Rho",850,https://www.immobiliare.it/annunci/104538911/,3
"Trilocale via Spilamberto, Centro, San Donato Milanese","via Spilamberto, Centro, San Donato Milanese",850,https://www.immobiliare.it/annunci/68291877/,3
"Trilocale ottimo stato, piano terra, Villaggio, Carpianello, San Giuliano Milanese","ottimo stato, piano terra, Villaggio, Carpianello, San Giuliano Milanese",850,https://www.immobiliare.it/annunci/103534136/,3
"Trilocale via Romagna, Sesto Ulteriano, San Giuliano Milanese","via Romagna, Sesto Ulteriano, San Giuliano Milanese",850,https://www.immobiliare.it/annunci/98403628/,3
"Trilocale via Fratelli Cervi 45, Trezzano Rosa","via Fratelli Cervi 45, Trezzano Rosa",850,https://www.immobiliare.it/annunci/104422661/,3
"Trilocale ottimo stato, sesto piano, Centro, Vignate","ottimo stato, sesto piano, Centro, Vignate",850,https://www.immobiliare.it/annunci/104064793/,3
"Trilocale via degli Alpini, Centro, Bollate","via degli Alpini, Centro, Bollate",900,https://www.immobiliare.it/annunci/104137439/,3
"Trilocale via Piave 13, Bresso","via Piave 13, Bresso",900,https://www.immobiliare.it/annunci/100794613/,3
"Trilocale via Mantova 11, Romano Banco, Buccinasco","via Mantova 11, Romano Banco, Buccinasco",900,https://www.immobiliare.it/annunci/103739664/,3
"Trilocale via Silvio Pellico, Borgo Misto, Cinisello Balsamo","via Silvio Pellico, Borgo Misto, Cinisello Balsamo",900,https://www.immobiliare.it/annunci/91109852/,3
"Trilocale via Monte Grappa 1, Centro, Corbetta","via Monte Grappa 1, Centro, Corbetta",900,https://www.immobiliare.it/annunci/103902653/,3
"Trilocale via della Conciliazione, 5, Centro, Garbagnate Milanese","via della Conciliazione, 5, Centro, Garbagnate Milanese",900,https://www.immobiliare.it/annunci/104503491/,3
"Quadrilocale largo Franco Tosi 3, Sant'Ambrogio - San Magno, Legnano","largo Franco Tosi 3, Sant'Ambrogio - San Magno, Legnano",900,https://www.immobiliare.it/annunci/103887647/,4
"Trilocale via Padova, Nuovo Ospedale - San Paolo, Legnano","via Padova, Nuovo Ospedale - San Paolo, Legnano",900,https://www.immobiliare.it/annunci/104106647/,3
"Trilocale via Papa Giovanni XXIII 18, Bettola Zeloforomagno, Peschiera Borromeo","via Papa Giovanni XXIII 18, Bettola Zeloforomagno, Peschiera Borromeo",900,https://www.immobiliare.it/annunci/104414463/,3
"Trilocale via Filzi 7, Rondò - Torretta, Sesto San Giovanni","via Filzi 7, Rondò - Torretta, Sesto San Giovanni",900,https://www.immobiliare.it/annunci/104307381/,3
"Attico via Filzi 7, Rondò - Torretta, Sesto San Giovanni","via Filzi 7, Rondò - Torretta, Sesto San Giovanni",900,https://www.immobiliare.it/annunci/104307359/,3
"Quadrilocale via San Marco 131, Marcallo, Marcallo con Casone","via San Marco 131, Marcallo, Marcallo con Casone",916,https://www.immobiliare.it/annunci/104141025/,4
"Quadrilocale via Dante Alighieri, Buscate","via Dante Alighieri, Buscate",950,https://www.immobiliare.it/annunci/103496800/,4
"Quadrilocale viale Padre Marcolini, Centro, Cerro al Lambro","viale Padre Marcolini, Centro, Cerro al Lambro",950,https://www.immobiliare.it/annunci/104169333/,4
"Quadrilocale via Dei Mandorli, 6, Centro, Cesano Boscone","via Dei Mandorli, 6, Centro, Cesano Boscone",950,https://www.immobiliare.it/annunci/100094352/,4
"Trilocale via I Maggio, Bellaria, Cinisello Balsamo","via I Maggio, Bellaria, Cinisello Balsamo",950,https://www.immobiliare.it/annunci/104544363/,3
"Quadrilocale via Martiri della Libertà, Melegnano","via Martiri della Libertà, Melegnano",950,https://www.immobiliare.it/annunci/104477317/,4
"Quadrilocale via Martiri della Libertà, Melegnano","via Martiri della Libertà, Melegnano",950,https://www.immobiliare.it/annunci/104481215/,4
"Quadrilocale via Martiri della Libertà, Melegnano","via Martiri della Libertà, Melegnano",950,https://www.immobiliare.it/annunci/104482163/,4
"Quadrilocale via Martiri della Libertà, Melegnano","via Martiri della Libertà, Melegnano",950,https://www.immobiliare.it/annunci/104481875/,4
"Quadrilocale via Martiri della Libertà, Melegnano","via Martiri della Libertà, Melegnano",950,https://www.immobiliare.it/annunci/104477311/,4
"Trilocale via Martiri della Libertà 4, Melegnano","via Martiri della Libertà 4, Melegnano",950,https://www.immobiliare.it/annunci/104418343/,3
"Trilocale via Guido Rossa 9/a, Centro, Rozzano","via Guido Rossa 9/a, Centro, Rozzano",950,https://www.immobiliare.it/annunci/65447098/,3
"Quadrilocale piazza Macroom, Marcallo, Marcallo con Casone","piazza Macroom, Marcallo, Marcallo con Casone",975,https://www.immobiliare.it/annunci/104277829/,4
"Trilocale via Roma, Bresso","via Roma, Bresso",980,https://www.immobiliare.it/annunci/104292367/,3
"Trilocale via Sant'Ambrogio, Centro, Parabiago","via Sant'Ambrogio, Centro, Parabiago",980,https://www.immobiliare.it/annunci/103788098/,3
"Villa unifamiliare via Francesco Nullo, Abbiategrasso","unifamiliare via Francesco Nullo, Abbiategrasso",1000,https://www.immobiliare.it/annunci/103227980/,3
"Trilocale via dei Caduti 13, Centro, Assago","via dei Caduti 13, Centro, Assago",1000,https://www.immobiliare.it/annunci/102314346/,3
"Trilocale via Vittorio Veneto 92, Bresso","via Vittorio Veneto 92, Bresso",1000,https://www.immobiliare.it/annunci/102320594/,3
"Trilocale via Milano 5, Centro, Cernusco sul Naviglio","via Milano 5, Centro, Cernusco sul Naviglio",1000,https://www.immobiliare.it/annunci/104567061/,3
"Trilocale viale Assunta, Centro, Cernusco sul Naviglio","viale Assunta, Centro, Cernusco sul Naviglio",1000,https://www.immobiliare.it/annunci/104279789/,3
"Trilocale viale Assunta, Centro, Cernusco sul Naviglio","viale Assunta, Centro, Cernusco sul Naviglio",1000,https://www.immobiliare.it/annunci/103713536/,3
"Trilocale via Archimede, Centro, Corbetta","via Archimede, Centro, Corbetta",1000,https://www.immobiliare.it/annunci/103909395/,3
"Trilocale via Tanaro 18/5, Centro, Lainate","via Tanaro 18/5, Centro, Lainate",1000,https://www.immobiliare.it/annunci/103873009/,3
"Trilocale via Borsellino 10, Mediglia","via Borsellino 10, Mediglia",1000,https://www.immobiliare.it/annunci/104515829/,3
"Quadrilocale via Giuseppe Costa, Melzo","via Giuseppe Costa, Melzo",1000,https://www.immobiliare.it/annunci/104575181/,4
"Quadrilocale via Giuseppe Costa, Melzo","via Giuseppe Costa, Melzo",1000,https://www.immobiliare.it/annunci/104564823/,4
"Trilocale via Volontari del Sangue 4, Melzo","via Volontari del Sangue 4, Melzo",1000,https://www.immobiliare.it/annunci/104539745/,3
"Quadrilocale via Giuseppe Costa, Melzo","via Giuseppe Costa, Melzo",1000,https://www.immobiliare.it/annunci/103457448/,4
"Quadrilocale via Giuseppe Costa, Melzo","via Giuseppe Costa, Melzo",1000,https://www.immobiliare.it/annunci/103287066/,4
"Trilocale via Volontari del Sangue 4, Melzo","via Volontari del Sangue 4, Melzo",1000,https://www.immobiliare.it/annunci/103256976/,3
"Quadrilocale via Sandro Pertini 7, Mairano, Noviglio","via Sandro Pertini 7, Mairano, Noviglio",1000,https://www.immobiliare.it/annunci/94367728/,4
"Trilocale via Giacomo Matteotti 67, Centro, Rho","via Giacomo Matteotti 67, Centro, Rho",1000,https://www.immobiliare.it/annunci/103592208/,3
"Trilocale via Don Giacomo Lattuada, Passirana - Biringhello, Rho","via Don Giacomo Lattuada, Passirana - Biringhello, Rho",1000,https://www.immobiliare.it/annunci/57774196/,3
"Trilocale via Enrico Mattei, Centro, San Donato Milanese","via Enrico Mattei, Centro, San Donato Milanese",1000,https://www.immobiliare.it/annunci/103874489/,3
"Trilocale via Spilamberto 5, Centro, San Donato Milanese","via Spilamberto 5, Centro, San Donato Milanese",1000,https://www.immobiliare.it/annunci/103579538/,3
"Trilocale via Gorizia 6, Centro, San Donato Milanese","via Gorizia 6, Centro, San Donato Milanese",1000,https://www.immobiliare.it/annunci/102642726/,3
"Trilocale trilocale via Primo Maggio 7, Centro, San Donato Milanese","trilocale via Primo Maggio 7, Centro, San Donato Milanese",1000,https://www.immobiliare.it/annunci/102267378/,3
"Trilocale via Trieste 49, Centro, San Giuliano Milanese","via Trieste 49, Centro, San Giuliano Milanese",1000,https://www.immobiliare.it/annunci/104163445/,3
"Trilocale via Giuseppe Mazzini 12, Segrate Centro, Segrate","via Giuseppe Mazzini 12, Segrate Centro, Segrate",1000,https://www.immobiliare.it/annunci/103620354/,3
"Trilocale via Giuseppe Mazzini 12, Segrate Centro, Segrate","via Giuseppe Mazzini 12, Segrate Centro, Segrate",1000,https://www.immobiliare.it/annunci/101921600/,3
"Trilocale via Filzi 7, Rondò - Torretta, Sesto San Giovanni","via Filzi 7, Rondò - Torretta, Sesto San Giovanni",1000,https://www.immobiliare.it/annunci/104307343/,3
"Trilocale via Milano 80, Cascina Gatti, Sesto San Giovanni","via Milano 80, Cascina Gatti, Sesto San Giovanni",1000,https://www.immobiliare.it/annunci/90565405/,3
"Trilocale via Enrico Fermi 14, Trezzano sul Naviglio","via Enrico Fermi 14, Trezzano sul Naviglio",1000,https://www.immobiliare.it/annunci/104473811/,3
"Quadrilocale via Armando Diaz 11, Centro, Tribiano","via Armando Diaz 11, Centro, Tribiano",1000,https://www.immobiliare.it/annunci/104565707/,4
"Trilocale via Cantoniera, Centro, Vanzago","via Cantoniera, Centro, Vanzago",1000,https://www.immobiliare.it/annunci/103867459/,3
"Trilocale via XXV Aprile 16, Vaprio d'Adda","via XXV Aprile 16, Vaprio d'Adda",1000,https://www.immobiliare.it/annunci/103479204/,3
"Trilocale via Kennedy 26, Centro, San Donato Milanese","via Kennedy 26, Centro, San Donato Milanese",1083,https://www.immobiliare.it/annunci/104304791/,3
"Trilocale corso Giacomo Matteotti, Abbiategrasso","corso Giacomo Matteotti, Abbiategrasso",1100,https://www.immobiliare.it/annunci/102511512/,3
"Trilocale nuovo, secondo piano, Abbiategrasso","nuovo, secondo piano, Abbiategrasso",1100,https://www.immobiliare.it/annunci/102475576/,3
"Quadrilocale via Resegone 1, Baranzate","via Resegone 1, Baranzate",1100,https://www.immobiliare.it/annunci/104392513/,4
"Trilocale via Copernico 9, Centro, Cologno Monzese","via Copernico 9, Centro, Cologno Monzese",1100,https://www.immobiliare.it/annunci/104485653/,3
"Quadrilocale via Palmanova, San Pietro - Pace, Rho","via Palmanova, San Pietro - Pace, Rho",1100,https://www.immobiliare.it/annunci/103947295/,4
"Trilocale via Europa, Centro, San Donato Milanese","via Europa, Centro, San Donato Milanese",1100,https://www.immobiliare.it/annunci/92923492/,3
"Quadrilocale via della Repubblica, Villaggio, Carpianello, San Giuliano Milanese","via della Repubblica, Villaggio, Carpianello, San Giuliano Milanese",1100,https://www.immobiliare.it/annunci/104432699/,4
"Trilocale via Conte Suardi 25, Segrate Centro, Segrate","via Conte Suardi 25, Segrate Centro, Segrate",1100,https://www.immobiliare.it/annunci/101399967/,3
"Trilocale via Alessandro Manzoni, Trezzano sul Naviglio","via Alessandro Manzoni, Trezzano sul Naviglio",1100,https://www.immobiliare.it/annunci/103408046/,3
"Trilocale via Trieste, Vimodrone","via Trieste, Vimodrone",1100,https://www.immobiliare.it/annunci/103213864/,3
"Trilocale via Adelaide Maria Montessori 1, Semicentro, Paderno Dugnano","via Adelaide Maria Montessori 1, Semicentro, Paderno Dugnano",1140,https://www.immobiliare.it/annunci/90856916/,3
"Quadrilocale via delle Groane 13, Centro, Arese","via delle Groane 13, Centro, Arese",1150,https://www.immobiliare.it/annunci/103131696/,4
"Trilocale via per Vimodrone, Centro, Cologno Monzese","via per Vimodrone, Centro, Cologno Monzese",1150,https://www.immobiliare.it/annunci/104478119/,3
"Quadrilocale via Triulziana 38, Centro, San Donato Milanese","via Triulziana 38, Centro, San Donato Milanese",1166,https://www.immobiliare.it/annunci/104303631/,4
"Trilocale via Trieste 6, Centro, San Donato Milanese","via Trieste 6, Centro, San Donato Milanese",1190,https://www.immobiliare.it/annunci/104428271/,3
"Trilocale via Trento 2, Centro, Cassina de' Pecchi","via Trento 2, Centro, Cassina de' Pecchi",1200,https://www.immobiliare.it/annunci/103529388/,3
"Quadrilocale Cascina Bardena, Cassinetta di Lugagnano","Cascina Bardena, Cassinetta di Lugagnano",1200,https://www.immobiliare.it/annunci/84732452/,4
"Trilocale via Madre Teresa di Calcutta, Centro, Cernusco sul Naviglio","via Madre Teresa di Calcutta, Centro, Cernusco sul Naviglio",1200,https://www.immobiliare.it/annunci/104546783/,3
"Trilocale via Briantea 72, Centro, Cernusco sul Naviglio","via Briantea 72, Centro, Cernusco sul Naviglio",1200,https://www.immobiliare.it/annunci/103604608/,3
"Trilocale via Giuseppe Garibaldi 140, Bellaria, Cinisello Balsamo","via Giuseppe Garibaldi 140, Bellaria, Cinisello Balsamo",1200,https://www.immobiliare.it/annunci/102310964/,3
"Quadrilocale via Mazzini 16, Centro, Corbetta","via Mazzini 16, Centro, Corbetta",1200,https://www.immobiliare.it/annunci/103023444/,4
"Attico via 4 Novembre 17, Centro, Garbagnate Milanese","via 4 Novembre 17, Centro, Garbagnate Milanese",1200,https://www.immobiliare.it/annunci/92445858/,3
"Trilocale via Monte San Michele 16, Centro, Gessate","via Monte San Michele 16, Centro, Gessate",1200,https://www.immobiliare.it/annunci/88069603/,3
"Trilocale via Sandro Pertini, 9., Melegnano","via Sandro Pertini, 9., Melegnano",1200,https://www.immobiliare.it/annunci/104290381/,3
"Quadrilocale via Baranzate 67, Novate Milanese","via Baranzate 67, Novate Milanese",1200,https://www.immobiliare.it/annunci/103914735/,4
"Trilocale via Veneto 11, San Bovio San Felice, Peschiera Borromeo","via Veneto 11, San Bovio San Felice, Peschiera Borromeo",1200,https://www.immobiliare.it/annunci/103842289/,3
"Trilocale via Norberto Bobbio 9, Pioltello","via Norberto Bobbio 9, Pioltello",1200,https://www.immobiliare.it/annunci/104170893/,3
"Trilocale Seconda Strada 7, Centro, Pioltello","Seconda Strada 7, Centro, Pioltello",1200,https://www.immobiliare.it/annunci/102255156/,3
"Villa unifamiliare via Giuseppe Verdi, Pogliano Milanese","unifamiliare via Giuseppe Verdi, Pogliano Milanese",1200,https://www.immobiliare.it/annunci/91970728/,4
"Trilocale via Beatrice d'Este 10, San Carlo - San Paolo, Rho","via Beatrice d'Este 10, San Carlo - San Paolo, Rho",1200,https://www.immobiliare.it/annunci/103865009/,3
"Appartamento via Privata Francesco Redi 6, Centro, San Colombano al Lambro","via Privata Francesco Redi 6, Centro, San Colombano al Lambro",1200,https://www.immobiliare.it/annunci/102035958/,5
"Trilocale via Giuseppe Dossetti 5, Centro, San Donato Milanese","via Giuseppe Dossetti 5, Centro, San Donato Milanese",1200,https://www.immobiliare.it/annunci/104531417/,3
"Trilocale via Europa 5, San Donato Milanese","via Europa 5, San Donato Milanese",1200,https://www.immobiliare.it/annunci/103677942/,3
"Trilocale via Cupello 11, Centro, San Donato Milanese","via Cupello 11, Centro, San Donato Milanese",1200,https://www.immobiliare.it/annunci/99484822/,3
"Trilocale via Giuseppe Dossetti 3, Centro, San Donato Milanese","via Giuseppe Dossetti 3, Centro, San Donato Milanese",1200,https://www.immobiliare.it/annunci/96381288/,3
"Trilocale via delle Regioni 9, Area Lavanderie, Redecesio, Segrate","via delle Regioni 9, Area Lavanderie, Redecesio, Segrate",1200,https://www.immobiliare.it/annunci/101710749/,3
"Trilocale via Ludovico Ariosto 215, Rondinella - Stazione, Sesto San Giovanni","via Ludovico Ariosto 215, Rondinella - Stazione, Sesto San Giovanni",1200,https://www.immobiliare.it/annunci/104432947/,3
"Trilocale via Umberto Pace 118, Cascina Gatti, Sesto San Giovanni","via Umberto Pace 118, Cascina Gatti, Sesto San Giovanni",1200,https://www.immobiliare.it/annunci/103452554/,3
"Trilocale via Tommaso Edison, Centro, Settimo Milanese","via Tommaso Edison, Centro, Settimo Milanese",1200,https://www.immobiliare.it/annunci/102779410/,3
"Quadrilocale via Pablo Neruda 6, Trezzano sul Naviglio","via Pablo Neruda 6, Trezzano sul Naviglio",1200,https://www.immobiliare.it/annunci/102968618/,4
"Trilocale via Enrico Fermi 2, Centro, San Donato Milanese","via Enrico Fermi 2, Centro, San Donato Milanese",1220,https://www.immobiliare.it/annunci/104558177/,3
"Quadrilocale via della Repubblica 21, Centro, Cologno Monzese","via della Repubblica 21, Centro, Cologno Monzese",1230,https://www.immobiliare.it/annunci/104392033/,4
"Quadrilocale piazza Generale Carlo Alberto Dalla Chiesa 4, Centro, Bollate","piazza Generale Carlo Alberto Dalla Chiesa 4, Centro, Bollate",1250,https://www.immobiliare.it/annunci/103533386/,4
"Quadrilocale piazza Aldo Moro 2, Centro, Bollate","piazza Aldo Moro 2, Centro, Bollate",1250,https://www.immobiliare.it/annunci/100504542/,4
"Appartamento piazza Solferino , 10, Centro, Bollate","piazza Solferino , 10, Centro, Bollate",1250,https://www.immobiliare.it/annunci/103531668/,5
"Villa unifamiliare via Giardino 20, Melegnano","unifamiliare via Giardino 20, Melegnano",1250,https://www.immobiliare.it/annunci/104356581/,4
"Trilocale via Pitagora, 20, San Carlo - San Paolo, Rho","via Pitagora, 20, San Carlo - San Paolo, Rho",1250,https://www.immobiliare.it/annunci/104543229/,3
"Trilocale via Pitagora, 20, San Carlo - San Paolo, Rho","via Pitagora, 20, San Carlo - San Paolo, Rho",1250,https://www.immobiliare.it/annunci/104368337/,3
"Trilocale via Bruxelles 4, Centro, San Donato Milanese","via Bruxelles 4, Centro, San Donato Milanese",1250,https://www.immobiliare.it/annunci/104448885/,3
"Appartamento via John Fitzgerald Kennedy 28, Centro, San Donato Milanese","via John Fitzgerald Kennedy 28, Centro, San Donato Milanese",1250,https://www.immobiliare.it/annunci/104305437/,5
"Trilocale via Basilicata 3, Area Lavanderie, Redecesio, Segrate","via Basilicata 3, Area Lavanderie, Redecesio, Segrate",1250,https://www.immobiliare.it/annunci/104545141/,3
"Trilocale viale Martesana, Vimodrone","viale Martesana, Vimodrone",1250,https://www.immobiliare.it/annunci/104575843/,3
"Trilocale via Kennedy 26, Centro, San Donato Milanese","via Kennedy 26, Centro, San Donato Milanese",1275,https://www.immobiliare.it/annunci/104328073/,3
"Trilocale via Kennedy 26, Centro, San Donato Milanese","via Kennedy 26, Centro, San Donato Milanese",1275,https://www.immobiliare.it/annunci/102143376/,3
"Trilocale via degli Alpini, Romano Banco, Buccinasco","via degli Alpini, Romano Banco, Buccinasco",1300,https://www.immobiliare.it/annunci/103559004/,3
"Trilocale via Giuseppe Garibaldi, Romano Banco, Buccinasco","via Giuseppe Garibaldi, Romano Banco, Buccinasco",1300,https://www.immobiliare.it/annunci/103442826/,3
"Trilocale via Achille Grandi 10, Centro, Cassina de' Pecchi","via Achille Grandi 10, Centro, Cassina de' Pecchi",1300,https://www.immobiliare.it/annunci/104418197/,3
"Trilocale via Buonarroti 41, Centro, Cernusco sul Naviglio","via Buonarroti 41, Centro, Cernusco sul Naviglio",1300,https://www.immobiliare.it/annunci/103280932/,3
"Quadrilocale via Sporting Mirasole 47, Noverasco Sporting Mirasole, Opera","via Sporting Mirasole 47, Noverasco Sporting Mirasole, Opera",1300,https://www.immobiliare.it/annunci/104492639/,4
"Quadrilocale via dello Zerbo, Centro, Opera","via dello Zerbo, Centro, Opera",1300,https://www.immobiliare.it/annunci/102263574/,4
"Trilocale via G. Matteotti, Centro, Parabiago","via G. Matteotti, Centro, Parabiago",1300,https://www.immobiliare.it/annunci/73785298/,3
"Trilocale via Ugo la Malfa 92, Mezzate, Peschiera Borromeo","via Ugo la Malfa 92, Mezzate, Peschiera Borromeo",1300,https://www.immobiliare.it/annunci/103768326/,3
"Trilocale via Filippo Turati 27, Mezzate, Peschiera Borromeo","via Filippo Turati 27, Mezzate, Peschiera Borromeo",1300,https://www.immobiliare.it/annunci/103707596/,3
"Trilocale viale Romagna 1, Centro, Rozzano","viale Romagna 1, Centro, Rozzano",1300,https://www.immobiliare.it/annunci/103225782/,3
"Trilocale via Ripalta 2, Centro, San Donato Milanese","via Ripalta 2, Centro, San Donato Milanese",1300,https://www.immobiliare.it/annunci/104528733/,3
"Trilocale via John Fitzgerald Kennedy 21, Centro, San Donato Milanese","via John Fitzgerald Kennedy 21, Centro, San Donato Milanese",1300,https://www.immobiliare.it/annunci/104517113/,3
"Trilocale via Gran Paradiso 6, Villaggio Ambrosiano, Segrate","via Gran Paradiso 6, Villaggio Ambrosiano, Segrate",1300,https://www.immobiliare.it/annunci/104568149/,3
"Trilocale via giovanna d'arco 184, Centro, Sesto San Giovanni","via giovanna d'arco 184, Centro, Sesto San Giovanni",1300,https://www.immobiliare.it/annunci/103981415/,3
"Trilocale via Pasquale Sottocorno 60, Cascina Gatti, Sesto San Giovanni","via Pasquale Sottocorno 60, Cascina Gatti, Sesto San Giovanni",1300,https://www.immobiliare.it/annunci/103326160/,3
"Trilocale via Gramsci , 58, Vimodrone","via Gramsci , 58, Vimodrone",1300,https://www.immobiliare.it/annunci/104327439/,3
"Appartamento via Triulziana 38, Centro, San Donato Milanese","via Triulziana 38, Centro, San Donato Milanese",1333,https://www.immobiliare.it/annunci/104306345/,5
"Trilocale via Cristoforo Colombo, Villaggio Ambrosiano, Segrate","via Cristoforo Colombo, Villaggio Ambrosiano, Segrate",1350,https://www.immobiliare.it/annunci/104057713/,3
"Quadrilocale via Monviso 10, Centro, Arese","via Monviso 10, Centro, Arese",1400,https://www.immobiliare.it/annunci/104391287/,4
"Trilocale via Giuseppe Verdi, Centro, Basiglio","via Giuseppe Verdi, Centro, Basiglio",1400,https://www.immobiliare.it/annunci/103855929/,3
"Trilocale via Baranzate 66, Novate Milanese","via Baranzate 66, Novate Milanese",1400,https://www.immobiliare.it/annunci/101289575/,3
"Trilocale nuovo, primo piano, Palazzolo Milanese, Paderno Dugnano","nuovo, primo piano, Palazzolo Milanese, Paderno Dugnano",1400,https://www.immobiliare.it/annunci/103362652/,3
"Trilocale centro, Paullo","centro, Paullo",1400,https://www.immobiliare.it/annunci/101416575/,3
"Trilocale Cascina Tolcinasco, Pieve Emanuele","Cascina Tolcinasco, Pieve Emanuele",1400,https://www.immobiliare.it/annunci/104020565/,3
"Quadrilocale via Cupello 1, Centro, San Donato Milanese","via Cupello 1, Centro, San Donato Milanese",1400,https://www.immobiliare.it/annunci/104503925/,4
"Trilocale via Kennedy 14, Centro, San Donato Milanese","via Kennedy 14, Centro, San Donato Milanese",1400,https://www.immobiliare.it/annunci/104512753/,3
"Quadrilocale via Angelo Moro 23, Centro, San Donato Milanese","via Angelo Moro 23, Centro, San Donato Milanese",1400,https://www.immobiliare.it/annunci/104017329/,4
"Trilocale via Bruxelles, Centro, San Donato Milanese","via Bruxelles, Centro, San Donato Milanese",1400,https://www.immobiliare.it/annunci/103841605/,3
