"descrizione","nome","prezzo(€/mese)","url_annuncio"
Bicocca,"Monolocale via demonte 4, Prato Centenaro, Milano",575,https://www.immobiliare.it/annunci/100038438/
Polimi Piola,"Monolocale via Francesco Cavezzali 11, Turro, Milano",500,https://www.immobiliare.it/annunci/86266562/
Polimi Bovisa,"Monolocale piazza Prealpi 4, Certosa, Milano",375,https://www.immobiliare.it/annunci/104298685/
Statale sede principale,"Monolocale via Ennio, Martini - Insubria, Milano",500,https://www.immobiliare.it/annunci/104059767/
Arco della pace,"Monolocale via Luigi Manfredini, Paolo Sarpi, Milano",550,https://www.immobiliare.it/annunci/103448764/
Piazza Duomo,"Monolocale via Salasco, Bocconi, Milano",550,https://www.immobiliare.it/annunci/104363959/
Stadio San Siro,"Bilocale via Privata Carlo Antonio Carlone 8, Bande Nere, Milano",550,https://www.immobiliare.it/annunci/46934207/
Pinacoteca di Brera,"Monolocale via Luigi Manfredini, Paolo Sarpi, Milano",550,https://www.immobiliare.it/annunci/103448764/
Navigli,"Monolocale via Salasco, Bocconi, Milano",550,https://www.immobiliare.it/annunci/104363959/
Alcatraz,"Monolocale via delle Querce 7, Bovisa, Milano",490,https://www.immobiliare.it/annunci/104480257/
