"nome","indirizzo","prezzo(€/mese)","url_annuncio"
"Bilocale via Gorizia  51, Sesto Marelli, Sesto San Giovanni","via Gorizia 51, Sesto Marelli, Sesto San Giovanni",630,https://www.immobiliare.it/annunci/104422077/
"Bilocale via Oslavia 18, Sesto Marelli, Sesto San Giovanni","via Oslavia 18, Sesto Marelli, Sesto San Giovanni",700,https://www.immobiliare.it/annunci/104058587/
"Bilocale via Sagrado 15, Sesto Marelli, Sesto San Giovanni","via Sagrado 15, Sesto Marelli, Sesto San Giovanni",700,https://www.immobiliare.it/annunci/104230711/
"Monolocale via Esiodo 12/14, Precotto, Milano","via Esiodo 12/14, Precotto, Milano",700,https://www.immobiliare.it/annunci/103236734/
"Bilocale viale Giovanni Suzzani, Bicocca, Milano","viale Giovanni Suzzani, Bicocca, Milano",700,https://www.immobiliare.it/annunci/104445943/
"Bilocale via Luigi Pulci, Bicocca, Milano","via Luigi Pulci, Bicocca, Milano",750,https://www.immobiliare.it/annunci/104054543/
"Bilocale via Gorizia 15, Sesto Marelli, Sesto San Giovanni","via Gorizia 15, Sesto Marelli, Sesto San Giovanni",770,https://www.immobiliare.it/annunci/103753800/
"Monolocale via BUOZZI 97, Centro, Sesto San Giovanni","via BUOZZI 97, Centro, Sesto San Giovanni",800,https://www.immobiliare.it/annunci/104330173/
"Bilocale via Oslavia 74, Sesto Marelli, Sesto San Giovanni","via Oslavia 74, Sesto Marelli, Sesto San Giovanni",830,https://www.immobiliare.it/annunci/104098817/
"Bilocale viale Rodi 91, Bicocca, Milano","viale Rodi 91, Bicocca, Milano",900,https://www.immobiliare.it/annunci/104531715/
"Bilocale viale Fulvio Testi, Bicocca, Milano","viale Fulvio Testi, Bicocca, Milano",950,https://www.immobiliare.it/annunci/104358165/
"Bilocale viale Fulvio Testi, Bicocca, Milano","viale Fulvio Testi, Bicocca, Milano",950,https://www.immobiliare.it/annunci/104358389/
"Bilocale viale Fulvio Testi, Bicocca, Milano","viale Fulvio Testi, Bicocca, Milano",950,https://www.immobiliare.it/annunci/104358953/
"Bilocale viale Fulvio Testi, Bicocca, Milano","viale Fulvio Testi, Bicocca, Milano",950,https://www.immobiliare.it/annunci/104360797/
"Bilocale viale Fulvio Testi, Bicocca, Milano","viale Fulvio Testi, Bicocca, Milano",950,https://www.immobiliare.it/annunci/104361801/
"Open space via Esiodo 12, Precotto, Milano","space via Esiodo 12, Precotto, Milano",1000,https://www.immobiliare.it/annunci/102365666/
"Appartamento viale A. Gramsci,242, Rondinella - Stazione, Sesto San Giovanni","viale A. Gramsci,242, Rondinella - Stazione, Sesto San Giovanni",1000,https://www.immobiliare.it/annunci/104556759/
"Bilocale via San Glicerio 6, Bicocca, Milano","via San Glicerio 6, Bicocca, Milano",1000,https://www.immobiliare.it/annunci/104349109/
"Bilocale via Monfalcone 55, Sesto Marelli, Sesto San Giovanni","via Monfalcone 55, Sesto Marelli, Sesto San Giovanni",1100,https://www.immobiliare.it/annunci/80083575/
"Bilocale via Talete 32, Villa San Giovanni, Milano","via Talete 32, Villa San Giovanni, Milano",1100,https://www.immobiliare.it/annunci/103875121/
"Bilocale viale Monza 317, Villa San Giovanni, Milano","viale Monza 317, Villa San Giovanni, Milano",1100,https://www.immobiliare.it/annunci/101948942/
"Bilocale via Columella 8, Precotto, Milano","via Columella 8, Precotto, Milano",1100,https://www.immobiliare.it/annunci/102355356/
"Bilocale via Privata Solone 4, Precotto, Milano","via Privata Solone 4, Precotto, Milano",1200,https://www.immobiliare.it/annunci/104166079/
"Bilocale viale Fulvio Testi 182, Bicocca, Milano","viale Fulvio Testi 182, Bicocca, Milano",1200,https://www.immobiliare.it/annunci/103894803/
"Bilocale viale Fulvio Testi 210, Bicocca, Milano","viale Fulvio Testi 210, Bicocca, Milano",1250,https://www.immobiliare.it/annunci/104378755/
"Appartamento viale Giovanni Suzzani,1, Bicocca, Milano","viale Giovanni Suzzani,1, Bicocca, Milano",1370,https://www.immobiliare.it/annunci/104552161/
"Trilocale via Oslavia 15, Sesto Marelli, Sesto San Giovanni","via Oslavia 15, Sesto Marelli, Sesto San Giovanni",1500,https://www.immobiliare.it/annunci/102946730/
"Trilocale via Oslavia 2, Sesto Marelli, Sesto San Giovanni","via Oslavia 2, Sesto Marelli, Sesto San Giovanni",1500,https://www.immobiliare.it/annunci/103703816/
"Trilocale via Recanati 3, Villa San Giovanni, Milano","via Recanati 3, Villa San Giovanni, Milano",1500,https://www.immobiliare.it/annunci/103619662/
"Trilocale via Ludovico Ariosto, Rondinella - Stazione, Sesto San Giovanni","via Ludovico Ariosto, Rondinella - Stazione, Sesto San Giovanni",1500,https://www.immobiliare.it/annunci/93365068/
"Trilocale via Alberto Nota 47, Bicocca, Milano","via Alberto Nota 47, Bicocca, Milano",1500,https://www.immobiliare.it/annunci/100579486/
"Bilocale via Monfalcone, Sesto Marelli, Sesto San Giovanni","via Monfalcone, Sesto Marelli, Sesto San Giovanni",1550,https://www.immobiliare.it/annunci/103871487/
"Trilocale viale Sarca, Bignami - Ponale, Milano","viale Sarca, Bignami - Ponale, Milano",1600,https://www.immobiliare.it/annunci/100765083/
"Trilocale viale Sarca, Bignami - Ponale, Milano","viale Sarca, Bignami - Ponale, Milano",1600,https://www.immobiliare.it/annunci/101765319/
"Trilocale viale Sarca, Bignami - Ponale, Milano","viale Sarca, Bignami - Ponale, Milano",1600,https://www.immobiliare.it/annunci/102937978/
"Trilocale via Luigi Pulci 2, Bicocca, Milano","via Luigi Pulci 2, Bicocca, Milano",1690,https://www.immobiliare.it/annunci/103588124/
"Trilocale via Luigi Pulci 2, Bicocca, Milano","via Luigi Pulci 2, Bicocca, Milano",1690,https://www.immobiliare.it/annunci/104286817/
"Appartamento viale Giovanni Suzzani,273, Bignami - Ponale, Milano","viale Giovanni Suzzani,273, Bignami - Ponale, Milano",1700,https://www.immobiliare.it/annunci/104555721/
"Appartamento viale Giovanni Suzzani,273, Bignami - Ponale, Milano","viale Giovanni Suzzani,273, Bignami - Ponale, Milano",1700,https://www.immobiliare.it/annunci/104556697/
"Appartamento viale Giovanni Suzzani,273, Bignami - Ponale, Milano","viale Giovanni Suzzani,273, Bignami - Ponale, Milano",1700,https://www.immobiliare.it/annunci/104556733/
"Appartamento viale Giovanni Suzzani,273, Bignami - Ponale, Milano","viale Giovanni Suzzani,273, Bignami - Ponale, Milano",1700,https://www.immobiliare.it/annunci/104556735/
"Appartamento viale Giovanni Suzzani,273, Bignami - Ponale, Milano","viale Giovanni Suzzani,273, Bignami - Ponale, Milano",1700,https://www.immobiliare.it/annunci/104556739/
"Appartamento viale Giovanni Suzzani,273, Bignami - Ponale, Milano","viale Giovanni Suzzani,273, Bignami - Ponale, Milano",1750,https://www.immobiliare.it/annunci/104555723/
"Appartamento viale Giovanni Suzzani,273, Bignami - Ponale, Milano","viale Giovanni Suzzani,273, Bignami - Ponale, Milano",1750,https://www.immobiliare.it/annunci/104556737/
"Appartamento viale Giovanni Suzzani,1, Bicocca, Milano","viale Giovanni Suzzani,1, Bicocca, Milano",1820,https://www.immobiliare.it/annunci/104552165/
"Appartamento viale Giovanni Suzzani,1, Bicocca, Milano","viale Giovanni Suzzani,1, Bicocca, Milano",2150,https://www.immobiliare.it/annunci/104552163/
"Bilocale viale Fulvio Testi, Bicocca, Milano","viale Fulvio Testi, Bicocca, Milano",2500,https://www.immobiliare.it/annunci/104459805/
"Bilocale viale Giovanni Suzzani,273, Bignami - Ponale, Milano","viale Giovanni Suzzani,273, Bignami - Ponale, Milano",3500,https://www.immobiliare.it/annunci/104555719/
"Trilocale viale Giovanni Suzzani,273, Bignami - Ponale, Milano","viale Giovanni Suzzani,273, Bignami - Ponale, Milano",3500,https://www.immobiliare.it/annunci/104555725/
Albergo in Affitto,in Affitto,21000,https://www.immobiliare.it/annunci/84545882/
