"comune","numero_annunci"
Milano,5093
Sesto San Giovanni,49
Bollate,22
San Donato Milanese,20
Rho,15
Cernusco sul Naviglio,13
Cologno Monzese,11
Abbiategrasso,10
Vimodrone,9
San Giuliano Milanese,9
Parabiago,8
Melegnano,8
Gorgonzola,7
Novate Milanese,5
Legnano,5
Cassina de' Pecchi,5
Rozzano,4
Garbagnate Milanese,4
Vignate,2
Segrate,2
Pioltello,2
Pero,2
Paderno Dugnano,2
Melzo,2
Magenta,2
Gessate,2
Assago,2
Vanzago,1
Pregnana Milanese,1
Cusano Milanino,1
Cormano,1
Corbetta,1
Bellinzago Lombardo,1
